gene	wbid	n_strains	fluor_tags	other_tags	cgc_strains
B0019.2	WBGene00007094	1	eGFP	FLAG;TY1	RW12288
B0261.7	WBGene00015095	1	GFPNovo2	AID;FLAG;TEV	
C05C10.5	WBGene00007332	1	GFP	AID;FLAG	
C05C9.3	WBGene00007327	1		HiBit	
C10G11.8	WBGene00015688	1	GFPNovo2	AID;FLAG;TEV	
C16C10.8	WBGene00007628	1	GFPNovo2	AID;FLAG;TEV	
C16E9.1	WBGene00015865	2	mNG		NK2668
C23H3.5	WBGene00016021	1	GFPNovo2	AID;FLAG;TEV	
C27D6.11	WBGene00044388	1	GFPNovo2	AID;FLAG;TEV	
C28H8.3	WBGene00016194	1	GFPNovo2	AID;FLAG;TEV	
C32E12.1	WBGene00016327	1	GFPNovo2	AID;FLAG;TEV	
C33G3.6	WBGene00007906	1	mCherry	HA	
C42D4.3	WBGene00016596	2		MS2	SHX3908
C45G7.4	WBGene00016671	1	mScarlet3		
C48E7.6	WBGene00016751	2	mNG		NK2702
D2005.4	WBGene00008399	3	GFP	FLAG;HA	SHG2875
D2030.7	WBGene00008417	1	eGFP	FLAG;TY1	RW12302
F01D4.5	WBGene00008488	1	mKate2		
F17C11.12	WBGene00008923	1	GFPNovo2	AID;FLAG;TEV	
F19F10.1	WBGene00017598	2	eGFP;mNG	FLAG;TY1	RW12347
F26E4.3	WBGene00009158	3	GFPNovo2;mNG	AID;FLAG;TEV	NK2669
F26E4.5	WBGene00009160	1	GFPNovo2	AID;FLAG;TEV	
F26E4.7	WBGene00009162	2	mNG		NK2667
F27C1.2	WBGene00017852	1	mScarlet		
F37A4.5	WBGene00018135	1	GFPNovo2	AID;FLAG;TEV	
F37C4.5	WBGene00018145	1	mCherry	HA	
F37H8.5	WBGene00009514	2	GFPNovo2;mNG	AID;FLAG;TEV	
F52F12.8	WBGene00009941	1	GFP	AID;FLAG	
F53F10.8	WBGene00044423	1	mNG		
F54E12.2	WBGene00010061	1	GFPNovo2	AID;FLAG;TEV	
F55A12.5	WBGene00018864	1	mCherry	HA	
H05L14.2	WBGene00010367	1	GFP		
K05C4.7	WBGene00010583	1	GFPNovo2	AID;FLAG;TEV	
K10D3.4	WBGene00010738	2	mNG;mScarlet	FLAG;OLLAS	JDW758;JDW778
K11D2.4	WBGene00010770	1	eGFP	FLAG;TY1	RW12320
R06C1.4	WBGene00011059	1		HiBit	
R144.6	WBGene00020096	1	mNG		
R74.8	WBGene00011282	1	GFPNovo2	AID;FLAG;TEV	
T07D3.9	WBGene00020311	1	GFPNovo2	AID;FLAG;TEV	
T19B10.2	WBGene00011831	1	mNG	FLAG	
T19D12.6	WBGene00020581	2	mNG		NK2751
T26A5.2	WBGene00020819	1		HA	
T28D6.6	WBGene00012126	1	mNG	FLAG	GLW33
W02B12.12	WBGene00012207	1	GFPNovo2	AID;FLAG;TEV	
W05F2.6	WBGene00021038	1		HA	
W08E12.7	WBGene00021088	1	mNG		GLW6
Y110A7A.15	WBGene00022462	1	GFPNovo2	AID;FLAG;TEV	
Y47D3A.21	WBGene00012932	2	GFP	AID;FLAG	PHX6129
Y47G6A.7	WBGene00021637	1	eGFP	FLAG;TY1	RW12268
Y48G1C.6	WBGene00021679	1	mNG		
Y48G9A.11	WBGene00021704	1	eGFP	FLAG;TY1	RW12291
Y51H7C.13	WBGene00021791	1	mNG		
Y53G8AR.9	WBGene00021816	2	eGFP;mCherry	FLAG;TY1	RW12264
Y53H1A.2	WBGene00013178	1	eGFP	FLAG;TY1	RW12261
Y54G11A.3	WBGene00013214	1	GFPNovo2	AID;FLAG;TEV	
Y56A3A.28	WBGene00013240	2	eGFP;mNG	FLAG;TY1	RW12344
Y57A10A.31	WBGene00013270	2	GFPNovo2;eGFP	AID;FLAG;TEV;TY1	RW12312
Y57G11C.3	WBGene00013301	1	mCherry	HA	
Y58A7A.1	WBGene00021975	1	mNG		
Y64G10A.7	WBGene00013416	1	mNG		
Y66D12A.19	WBGene00013445	1		HA	
Y67H2A.10	WBGene00013465	1	eGFP	FLAG;TY1	RW12295
Y69A2AR.32	WBGene00022101	1	GFPNovo2	AID;FLAG;TEV	
Y69E1A.8	WBGene00013478	1	GFPNovo2	AID;FLAG;TEV	
Y73E7A.1	WBGene00022268	2	mNG		SYS714
Y75B8A.6	WBGene00013543	3	GFP;eGFP	FLAG;TY1	RW12275;SYS80
Y79H2A.3	WBGene00013580	1	eGFP	FLAG;TY1	RW12273
ZC247.1	WBGene00013859	1	eGFP	FLAG;TY1	RW12319
ZC434.8	WBGene00013894	1	GFPNovo2	AID;FLAG;TEV	
ZK1058.9	WBGene00014207	1	mNG	FLAG	GLW45
ZK596.2	WBGene00014007	1	GFP	AID;FLAG	
ZK686.5	WBGene00022795	1	eGFP	FLAG;TY1	RW12285
aak-2	WBGene00020142	1	GFP	FLAG	
aap-1	WBGene00000001	1	GFP		
aars-2	WBGene00000197	1	GFPNovo2	AID;FLAG;TEV	
aat-1	WBGene00000002	1	GFPNovo2	AID;FLAG;TEV	
aat-4	WBGene00000005	1	GFPNovo2	AID;FLAG;TEV	
acdh-1	WBGene00016943	1	mCherry		
acdh-10	WBGene00020366	1	GFPNovo2	AID;FLAG;TEV	
acdh-2	WBGene00015894	1	mCherry		
acl-14	WBGene00019465	1	GFPNovo2	AID;FLAG;TEV	
acn-1	WBGene00000039	1	mNG	FLAG	JDW740
aco-2	WBGene00000041	1	GFP		GL390
acr-16	WBGene00000055	2	mScarlet;sGFP(11)	AID	
acs-18	WBGene00011173	1	GFPNovo2	AID;FLAG;TEV	
adh-1	WBGene00010790	1	mCherry		
adm-2	WBGene00000074	2	GFP;mScarlet		
adm-4	WBGene00000075	2	mNG		NK2764
adr-1	WBGene00000079	1		FLAG	
adt-1	WBGene00000082	1	mNG		
afd-1	WBGene00021009	5	GFP;YFP;mKate2;mScarlet	FLAG;Myc;ZF	
age-1	WBGene00000090	1	GFP		
agr-1	WBGene00018304	2	mNG		NK2353
ahcy-1	WBGene00019322	2	GFP		WOP122
aipl-1	WBGene00010685	1	GFP	FLAG	
aipr-1	WBGene00016966	2	GFP		
air-1	WBGene00000098	5	GFP;mNG	AID;FLAG;ZF	JLF145
air-2	WBGene00000099	3	GFP	AID;FLAG;TEV	CA1216;CA1217
ajm-1	WBGene00000100	1	GFPNovo2	AID;FLAG;TEV	
akir-1	WBGene00017088	3	sGFP(11)	FLAG	SSM472
akt-1	WBGene00000102	1	GFP		
alg-1	WBGene00000105	4	GFP	FLAG;HA	JMC201;PQ530;PQ583
alg-2	WBGene00000106	5	GFP;mKate2	FLAG;HA;V5	JMC203;PQ582;PQ583
alg-3	WBGene00011910	3	GFP;GFPNovo2	AID;FLAG;TEV	JMC205
alg-4	WBGene00006449	2	GFP;GFPNovo2	AID;FLAG;TEV	JMC207
alg-5	WBGene00011945	1	GFP	FLAG	JMC209
alh-4	WBGene00000110	1	GFP	FLAG	
ama-1	WBGene00000123	4	GFP	AID;FLAG	OH16461
aman-3	WBGene00018594	1	eGFP		
amx-1	WBGene00000137	1	GFP	HA	
ani-1	WBGene00013038	2	GFP;TagRFP		
ani-3	WBGene00012835	1	GFPNovo2	AID;FLAG;TEV	
anoh-1	WBGene00010138	1	mNG		
apa-2	WBGene00000161	1	GFP		
ape-1	WBGene00000146	2	GFP	FLAG;HRV;Halotag;Myc	
aph-2	WBGene00000148	1		OLLAS	
apr-1	WBGene00000156	2	mNG;mScarlet	FLAG	LP435
aptf-2	WBGene00013383	2	GFP;eGFP	FLAG;TY1	RW12304
aptf-4	WBGene00009202	1	eGFP	FLAG;TY1	RW12286
arf-1	WBGene00000182	1	mCherry		
argn-1	WBGene00020658	3	GFP		
arid-1	WBGene00044689	3	eGFP;mNG	FLAG;TY1	RW12194;SYS679
arl-8	WBGene00000192	1	mCitrine		
arle-14	WBGene00015145	2	GFP	FLAG;TEV	GW1623
arrd-15	WBGene00014033	1	GFP		
arx-2	WBGene00000200	8	GFP;TagRFP;mNG	AID	GOU1861;TV28592;TV28593
asna-1	WBGene00014025	1	mNG	AID	
asp-3	WBGene00000216	1	mNG	FLAG	GLW57
aspm-1	WBGene00008107	5	GFP		EU2861;EU2876;EU2934;EU3201
ast-1	WBGene00020368	3	GFP;mNG		NFB1369;RW12175
atf-2	WBGene00000220	1	eGFP	FLAG;TY1	RW12307
atg-4.1	WBGene00013595	1	eGFP	FLAG;TY1	RW12185
atg-7	WBGene00010882	1		AID;HA	
atg-9	WBGene00020706	1	GFP		DCR4521
atgl-1	WBGene00015484	1	GFP	FLAG	
atl-1	WBGene00000226	1		AID;HA	
atln-1	WBGene00021868	2	GFP	FLAG;degron	
atm-1	WBGene00000227	1		AID;FLAG	
atp-4	WBGene00020275	1	mNG		
attf-2	WBGene00017317	2	mNG		GLW2
attf-3	WBGene00018794	1	eGFP	FLAG;TY1	RW12296
attf-6	WBGene00012474	5	GFP;eGFP	AID;FLAG;TEV;TY1	RW12231;WHY430;WHY546
baf-1	WBGene00000235	7	GFP;mCherry;mNG	FLAG	BN1216;BN580;BN581;SBW136
bar-1	WBGene00000238	1	GFP		
baz-2	WBGene00001470	3	GFP;mNG	FLAG	SYS677
bbln-1	WBGene00015791	3	GFP;eGFP;mKate2	AID	
bec-1	WBGene00000247	1		Myc	
bed-1	WBGene00012674	1	eGFP	FLAG;TY1	RW12201
bed-2	WBGene00012943	1	eGFP	FLAG;TY1	RW12335
ben-1	WBGene00000248	4	GFP;mKate2;sGFP(11)	FLAG;TEV	SA1378
bicd-1	WBGene00016611	2	GFP;mNG	FLAG	LP451
bli-1	WBGene00000251	5	mNG	FLAG	CZ27593;JDW389
bli-2	WBGene00000252	3	mNG	FLAG;Halotag	JDW390;PHX3293
bli-4	WBGene00000254	2	sfGFP		PHX5321
bli-5	WBGene00000255	1	mNG	FLAG	JDW747
bli-6	WBGene00000256	1	mNG	FLAG	CZ29114
bnc-1	WBGene00044791	2	mNG	AID	OH14070;SYS149
bpl-1	WBGene00000259	1		AID	
brc-1	WBGene00000264	6	GFP;TagRFP-T;mScarlet-I	HA	
brc-2	WBGene00020316	2		AID;FLAG;HA	
brd-1	WBGene00000265	4	GFP	FLAG;HA	
bub-1	WBGene00000275	1	GFP		
bub-3	WBGene00013209	1	GFP		
calm-1	WBGene00009260	2	mNG		
cam-1	WBGene00000289	2	mNG;mScarlet	FLAG;degron	LP530
cand-1	WBGene00013606	1	GFPNovo2	AID;FLAG;TEV	
cap-1	WBGene00000292	3	mKate2;mScarlet;mScarlet-I	degron	LP896
car-1	WBGene00012484	5	GFP;mScarlet	FLAG;Myc	JH4816;JWW112;SHG2239
cash-1	WBGene00010631	2	TagRFP	Myc;TEV	
casy-1	WBGene00000403	1	sGFP(11)		PHX3311
catp-1	WBGene00013672	2	eGFP;mScarlet		
catp-4	WBGene00007248	2	GFP;mCherry		
catp-5	WBGene00019493	1	GFP		
catp-6	WBGene00012341	2	GFP;mKate2	FLAG;degron	
catp-7	WBGene00022010	3	GFP;mCherry		
catp-8	WBGene00007514	2	GFP;TagRFP		
cav-1	WBGene00000301	1	GFP		
cbp-1	WBGene00000366	1	GFP	FLAG	
ccb-1	WBGene00000368	3	GFP;mKate2	PSD;degron	
ccdc-47	WBGene00014204	1	mNG	FLAG	GLW39
ccep-97	WBGene00019842	1	GFPNovo2	AID;FLAG;TEV	
ccf-1	WBGene00000369	1	GFPNovo2	AID;FLAG;TEV	
ccm-3	WBGene00007561	1		TurboID	
cct-6	WBGene00000381	1		FLAG	
cdc-25.3	WBGene00000388	1	GFP	FLAG	DG4190
cdc-42	WBGene00000390	4	GFP;YFP;mNG;sGFP(11)	FLAG;ZF;degron	
cdc-48.1	WBGene00007352	1	mTagBFP2		
cdh-3	WBGene00000395	1		ZF	
cdh-4	WBGene00000396	2	GFP	ZF	PHX6764
cdh-5	WBGene00000397	1	GFP		PHX6640
cdk-1	WBGene00000405	5		AID;Myc;OLLAS	JK5751
cdk-2	WBGene00019362	1		AID;FLAG	
cdk-4	WBGene00000406	1		AID	
cdk-5	WBGene00000407	1	mScarlet		
cebp-1	WBGene00016997	2	eGFP;mCherry	FLAG;TY1	RW12290
cec-1	WBGene00000414	2	GFP	HA	
cec-6	WBGene00020463	1	GFP	HA	
ced-10	WBGene00000424	3	YFP;mNG	ZF	
ced-3	WBGene00000417	2	mNG	AID;HA	MD5017
ced-4	WBGene00000418	1	mNG		MD5018
ced-9	WBGene00000423	3	TagRFP;mNG;mScarlet	FLAG	MD5019
ceh-10	WBGene00000435	4	GFP;YFP;mNG		RW12170;SYS427
ceh-100	WBGene00012584	2	GFP;eGFP	FLAG;TY1	RW12233
ceh-12	WBGene00000436	1	mNG		
ceh-13	WBGene00000437	3	GFP;mNG	AID	PHX2307;PHX2605
ceh-16	WBGene00000439	1	GFP		PHX2880
ceh-17	WBGene00000440	2	mNG		SYS608
ceh-2	WBGene00000429	2	mNG		SYS606
ceh-20	WBGene00000443	4	GFP;eGFP;mNG	FLAG;TY1	RW12164;RW12211;SYS432
ceh-23	WBGene00000446	3	GFP;mNG		PHX1849;SYS636
ceh-24	WBGene00000447	2	GFP		OH16925
ceh-27	WBGene00000449	2	GFP		PHX3426
ceh-28	WBGene00000450	2	mNG		SYS635
ceh-30	WBGene00000451	3	GFP;mNG		PHX4678;SYS744
ceh-31	WBGene00000452	2	mNG		SYS867
ceh-34	WBGene00000455	1	mNG	AID;FLAG	OH15439
ceh-36	WBGene00000457	2	GFP		PHX2934
ceh-37	WBGene00000458	1	GFP	FLAG	OH16345
ceh-38	WBGene00000459	1	GFP		PHX4799
ceh-41	WBGene00000462	2	GFP;mNG		PHX4901
ceh-43	WBGene00000463	1	mNG		
ceh-44	WBGene00000464	10	GFP;eGFP;mNG;oxGFP	FLAG;TY1	OH16219;OH18465;PHX5500;PHX5843;PHX6281;PHX7529;RW12327;SYS672
ceh-45	WBGene00022837	3	eGFP;mNG	FLAG;TY1	RW12292;SYS634
ceh-48	WBGene00015934	2	GFP	FLAG	OH17051
ceh-49	WBGene00017538	1	GFP		OH16224
ceh-5	WBGene00000430	3	GFP;mNG		PHX1592;SYS424
ceh-51	WBGene00013583	3	GFP;mNG		PHX1551;SYS397
ceh-58	WBGene00007417	1	GFP		PHX2015
ceh-6	WBGene00000431	1	GFP		
ceh-60	WBGene00017690	2	mNG		SYS675
ceh-75	WBGene00008242	1	GFP		PHX1884
ceh-76	WBGene00022395	1	GFP		OH16487
ceh-8	WBGene00000433	1	GFP		PHX1656
ceh-82	WBGene00018433	1	mNG		
ceh-86	WBGene00018355	2	GFP;eGFP	FLAG;TY1	PHX2517;RW12297
ceh-87	WBGene00018022	1	GFP		PHX1955
ceh-89	WBGene00009231	1	GFP		OH16505
ceh-91	WBGene00013425	1	eGFP	FLAG;TY1	RW12305
ceh-92	WBGene00013431	1	GFP		PHX1610
cep-1	WBGene00000467	2	mScarlet	FLAG	
cep-290/ccep-290	WBGene00021643	1	mNG		
cert-1/F25H2.6	WBGene00009120	2	mNG		NK2811
ces-2	WBGene00000469	3	eGFP;mNG	FLAG;TY1	RW12328;SYS443
cey-1	WBGene00000472	1	mNG	FLAG	GLW51
cfap-20/C54C6.6	WBGene00008288	1	mScarlet		
cfi-1	WBGene00000476	5	GFP;mNG;mScarlet	AID;degron	KRA345;SYS611
cfp-1	WBGene00009924	1	GFP	degron	
cgh-1	WBGene00000479	5	GFP;TagBFP;mCherry	FLAG	SHG1686
chat-1	WBGene00019946	1	mKate		
chc-1	WBGene00011867	1	GFP		
chd-1	WBGene00010369	1	sfGFP		
chdp-1	WBGene00015687	1	GFP		
che-1	WBGene00000483	6	GFP	AID;FLAG;TEV	OH14130;OH15579;OH15683;OH15815
che-11	WBGene00000490	2	GFP	FLAG	
che-12	WBGene00000491	5	GFP		LP176;LP177;LP198
che-14	WBGene00000493	1		AID;FLAG	
che-2	WBGene00000484	1	GFP		
che-3	WBGene00000485	5	GFP;sGFP(11)	FLAG	GOU2162
che-7	WBGene00000488	1	TagRFP		OH16372
chk-2	WBGene00000499	7		AID;ALFA;FLAG;HA	
cid-1	WBGene00019629	3	GFPNovo2	AID;FLAG;Myc;TEV	EL629
cisd-3.1	WBGene00010909	1	mYPet	FLAG	
cisd-3.2	WBGene00022053	1	mKate	Myc	
cki-1	WBGene00000516	3	GFP	AID;FLAG	DQM455
cku-80	WBGene00000520	1	GFP		
cla-1	WBGene00018468	7	GFP;mScarlet-I;sGFP(11);smScarlet(11)		TV25898;UJ2820;UJ3233
cld-1	WBGene00007872	1	GFP		
cle-1	WBGene00000527	2	mNG		NK2322
clec-180	WBGene00017991	1	mNG	FLAG	JDW736
clh-1	WBGene00000528	1	sGFP(11)		
clic-1	WBGene00020246	2	GFP;mScarlet		
clik-1	WBGene00020808	1	GFP		ON352
clr-1	WBGene00000548	2	tdTomato		
cls-2	WBGene00000549	1	GFPNovo2	AID;FLAG;TEV	
cmd-1	WBGene00000552	1	GFPNovo2	AID;FLAG;TEV	
cmtr-1	WBGene00013160	1	GFPNovo2	AID;FLAG;TEV	
cnc-2	WBGene00000556	1	mKate2		
cnnm-5	WBGene00011260	1	GFPNovo2	AID;FLAG;TEV	
coh-1	WBGene00000591	1		FLAG;TEV	
coh-3	WBGene00000592	1		HA	
col-10	WBGene00000599	1	mNG	FLAG	JDW829
col-103	WBGene00000677	2	mNG;mScarlet	FLAG;OLLAS	JDW765;JDW781
col-118	WBGene00000692	1	mNG	FLAG	JDW827
col-12	WBGene00000601	2	mNG	FLAG	CZ29326;JDW734
col-125	WBGene00000699	2	mNG;mScarlet	FLAG;OLLAS	JDW764;JDW780
col-128	WBGene00000702	1	mNG		PHX7567
col-13	WBGene00000602	1	mNG	FLAG	JDW828
col-14	WBGene00000603	1	mNG	FLAG	JDW699
col-159	WBGene00000732	1	mNG	FLAG	JDW820
col-166	WBGene00000739	1	mNG	FLAG	JDW788
col-174	WBGene00000747	1	mNG		PHX7565
col-178	WBGene00000751	1	mNG		PHX8274
col-19	WBGene00000608	1	mNG		CZ28766
col-20	WBGene00000609	1	mNG		PHX7585
col-41	WBGene00000618	1	mNG	FLAG	JDW735
col-43	WBGene00000620	1	mNG		PHX7608
col-48	WBGene00000625	1	mNG		PHX7676
col-63	WBGene00000639	1	mNG		PHX5014
col-71	WBGene00000647	1	mNG		PHX8144
col-75	WBGene00000651	1	mNG	FLAG	JDW850
col-81	WBGene00000657	1	mNG		PHX7596
col-91	WBGene00000666	1	mNG		PHX7670
col-93	WBGene00000668	1	mNG		PHX7695
col-97	WBGene00000672	1	mNG	FLAG	JDW834
col-99	WBGene00000674	4	mNG		NK2705;NK2706
comt-3	WBGene00021487	1		FLAG	
cone-1	WBGene00306126	3	GFP;mScarlet		OH18410;PHX5437;PHX7380
copa-1	WBGene00022119	1	GFPNovo2	AID;FLAG;TEV	
cosa-1	WBGene00022172	12	GFP;mCherry	FLAG;GFP Nanobody;HA;OLLAS;TurboID;degron	AUM1787
cox-10	WBGene00012895	1	mNG		NK2743
cox-4	WBGene00012354	4	eGFP;mNG	FLAG	EGD615;JJ2586;NK3212
cox-5a	WBGene00012553	2	GFP;mNG		NK2738
cox-5b	WBGene00000371	1	mNG		NK2739
cox-6A	WBGene00006519	1	mNG		NK2844
cox-6c	WBGene00017926	1	mNG		
cpf-2	WBGene00000774	1	TagRFP		
cpg-1	WBGene00000465	1	mNG	FLAG	DG4218
cpg-2	WBGene00015102	1	mCherry	FLAG;TEV	
cpg-7	WBGene00010723	1	mNG	FLAG	JDW742
cpi-1	WBGene00000535	2	mNG		NK2728
cpi-2	WBGene00000534	2	mNG		NK2704
cpna-1	WBGene00006495	1	GFPNovo2	AID;FLAG;TEV	
cpz-1	WBGene00000788	2	mNG;mScarlet	FLAG;OLLAS	JDW478;JDW894
crb-1	WBGene00000792	1	GFP	FLAG	
crh-1	WBGene00000793	1	eGFP	FLAG;TY1	RW12338
crim-1	WBGene00007103	1	mNG	FLAG	JDW910
crld-1	WBGene00008624	1	GFP		
crls-1	WBGene00017763	3	mNG	ZF	NK3114;NK3234
crtc-1	WBGene00021237	2	GFP	FLAG	
csr-1	WBGene00017641	20	GFP;TagRFP;mCherry	AID;FLAG;HA;degron	JMC101;JMC151;SHG2040;SHG2901
ctg-1	WBGene00010370	1	GFP		
ctn-1	WBGene00000832	1	Skylan-S		
ctns-1	WBGene00008052	3	mCitrine;mNG;mScarlet		
ctsa-1.1	WBGene00018271	2	mNG;mScarlet	FLAG;OLLAS	JDW767;JDW783
cup-2	WBGene00000843	1		FLAG;V5	
cut-2	WBGene00009983	1	mNG	FLAG	JDW655
cutl-18	WBGene00009830	1	mNG		PHX8442
cwn-1	WBGene00000857	1	YPet		
cya-1	WBGene00000863	1		Myc	JK5731
cyb-1	WBGene00000865	2	GFP;mNG	FLAG;TEV	DG4569;OD3913
cyb-2.1	WBGene00000866	1		Myc	JK5736
cyb-2.2	WBGene00000867	1		Myc	JK5739
cyb-3	WBGene00000868	3	GFP;mNG	FLAG;Myc;TEV	DG4392;JK5742;OD4087
cyc-1	WBGene00000869	1	GFPNovo2	AID;FLAG;TEV	
cyd-1	WBGene00000870	1		Myc	JK5745
cye-1	WBGene00000871	1		Myc	JK5748
cyk-1	WBGene00000872	3	GFP;eGFP	AID	
cyk-4	WBGene00000875	3	GFP;GFPNovo2	AID;FLAG;TEV	
cylc-2	WBGene00008063	3	mNG	FLAG	AD294;MDX44
cyp-14A5	WBGene00000373	1	GFPNovo2	AID;FLAG;TEV	
czw-1	WBGene00017643	1		FLAG	
daf-10	WBGene00000906	1	GFP	AID	
daf-12	WBGene00000908	12	GFP;TagRFP;mScarlet-I	AID;FLAG	OH14589;OH14891;OH14984;OH14986;OH14989;OH15913;SYS588;VT3922;VT3923
daf-15	WBGene00000911	5	GFP;mNG	AID;FLAG;HA;degron	DV3208;DV3525
daf-16	WBGene00000912	26	GFP;TagBFP;mKate2;mNG;mNeptune2.5	AID;FLAG;HA;His;Myc;TurboID;degron	MQD1543;MQD2433;MQD2490;MQD2491;MQD2492;MQD2493;MQD2494;MQD2495;MQD2498;MQD2499;MQD2500;OH13908;OH14125;OH14654;OH14888;OH14897;OH14945;OH15845;OH16024;OH16029;OH16508
daf-18	WBGene00000913	1	mNG	FLAG	GLW25
daf-19	WBGene00000914	3	GFP;mNG	FLAG	SYS541
daf-2	WBGene00000898	15	GFP;mNG;mScarlet	AID;FLAG	MQD1661;MQD2356;MQD2374;MQD2375;MQD2378;MQD2379;MQD2383;MQD2402;MQD2428;MQD2453;QQ202
daf-22	WBGene00013284	2	GFP;TagRFP	FLAG	
daf-28	WBGene00000920	1	mNG		
daf-3	WBGene00000899	6	GFP;TagRFP;TagRFP-T;mNG	AID;FLAG	OH14892;OH14896;OH14946;SYS542
daf-4	WBGene00000900	1	GFP	FLAG	
daf-8	WBGene00000904	2	mNG		SYS605
dao-5	WBGene00000931	1	GFP		ESC254
dat-1	WBGene00000934	1	GFPnovo2		
daz-1	WBGene00000935	1		V5	JK6563
dbl-1	WBGene00000936	1		HA	
dcap-1	WBGene00021929	2	GFP;GFPNovo2	AID;FLAG;TEV	SHG2240
dcap-2	WBGene00003582	4	GFP;GFPNovo2	AID;FLAG;HA;TEV	
dcr-1	WBGene00000939	1	GFP	FLAG	SHG3112
ddi-1	WBGene00015308	1		HA	
ddr-1	WBGene00016104	2	mNG		NK2456
ddr-2	WBGene00017381	2	mNG		NK2457
ddx-15	WBGene00018967	1	GFP		JEK114
ddx-19	WBGene00011580	4	GFP;GFPNovo2;TagRFP;mCherry	AID;FLAG;TEV	SHG2202;SHG2207
ddx-23	WBGene00017162	1	TagRFP-T		
deb-1	WBGene00000942	3	GFP;mNG		NK2478;RSL83
deg-1	WBGene00000950	1	GFP		
deg-3	WBGene00000951	1	mNG	FLAG	
degt-1	WBGene00009109	1	GFP		OH18902
del-1	WBGene00000952	1	GFP		
denn-4	WBGene00018681	1	mNG	FLAG	
deps-1	WBGene00022034	8	GFP;GFPNovo2;TagRFP	AID;FLAG;HA;TEV	JH3207;SHG2538;SHG3114
des-2	WBGene00000955	2	GFPNovo2;mNG	AID;FLAG;TEV	
dgn-1	WBGene00000961	5	GFP;mNG;mScarlet;mTurqoise	degron;mIAA7	NK2009;NK2318
dgn-2	WBGene00018943	1	mNG		
dhc-1	WBGene00000962	14	GFP;eGFP;mCherry;mNG	AID;FLAG;ePDZ	CA1207;CA1210;CA1212;CA1213;CA1215;CZ24274;LP560;LP563;SV1619;SV1803;TBD307
dhs-3	WBGene00000967	1	mRuby	FLAG	
dimt-1/E02H1.1	WBGene00008455	1		AID	
dip-2	WBGene00017885	1	GFP		
dlc-1	WBGene00001005	1	GFP		
dlg-1	WBGene00001006	10	GFP;TagRFP;mCherry;mNG;mScarlet	AID;ALFA;FLAG;ZF	LP598;ML2615
dlgr-1/W03A5.6	WBGene00020970	1	GFP	AID	
dlk-1	WBGene00001008	1	GFP		CZ25941
dma-1	WBGene00011345	17	GFP;TagRFP;YFP	FLAG;ZF	TV24661;TV24913;TV25301;TV25625;TV26950;TV26971;TV27036;TV27863;TV27864;TV27873;TV27876
dmd-3	WBGene00012832	2	GFP	FLAG	OH15733
dmd-4	WBGene00007776	3	GFP;mScarlet-I3	AID	OH15814;OS15370
dmd-5	WBGene00017326	2	mNG		SYS429
dnc-2	WBGene00001018	1	GFP	FLAG	
dnc-6	WBGene00021827	1		FLAG	
dnj-11	WBGene00001029	1	eGFP	FLAG;TY1	RW12337
dnj-12	WBGene00001030	2		HA;degron	
dnj-14	WBGene00001032	1	mScarlet		
dnj-9	WBGene00001027	1	GFPNovo2	AID;FLAG;TEV	
dot-1.1	WBGene00021474	1	GFP		
dpff-1	WBGene00016200	1	mNG	AID	DQM1138
dpy-1	WBGene00001063	1	mNG		PHX8253
dpy-13	WBGene00001074	2	mNG;mScarlet		JDW818;PHX3318
dpy-14	WBGene00001075	2	mNG;mScarlet	FLAG;OLLAS	JDW651;JDW794
dpy-17	WBGene00001076	1	mNG		PHX3685
dpy-19	WBGene00001078	1	GFP		
dpy-2	WBGene00001064	2	mNG;mTagBFP2		PHX4550
dpy-26	WBGene00001085	1		FLAG;TEV	
dpy-27	WBGene00001086	3	GFP	AID;Myc	JEL1197
dpy-3	WBGene00001065	1	mNG		PHX4583
dpy-4	WBGene00001066	1	mNG	FLAG	JDW650
dpy-5	WBGene00001067	1	mNG		PHX3312
dpy-6	WBGene00001068	1	mNG		
dpy-7	WBGene00001069	1	mKate2	Myc	
drh-3	WBGene00008400	1	GFP	FLAG	SHG1676
drl-1	WBGene00017578	1	mKate2	AID;FLAG	
drp-1	WBGene00001093	5	GFP;mNG	degron	EU2917;MD5004
drsh-1	WBGene00009163	6	GFP;mScarlet	AID;FLAG;Myc	MLC1245;MLC1726;MLC1729
dsb-1	WBGene00008580	2	GFP	HA	
dsb-2	WBGene00194892	3		AID;FLAG	CA1421
dsh-1	WBGene00001101	2	mNG	FLAG;degron	LP705
dsh-2	WBGene00001102	1	mNG		LP228
dtn-1/tebp-1	WBGene00011047	3	GFP	FLAG	
dtn-2/tebp-2	WBGene00020464	2	GFP	FLAG	
dvc-1	WBGene00011834	1	mCherry		
dve-1	WBGene00022861	2	GFP;mScarlet		PHX7515
dxbp-1	WBGene00013128	2	eGFP	FLAG;TY1	RW12180
dyb-1	WBGene00001115	1	mScarlet		
dyf-11	WBGene00001127	4	GFP;mScarlet;sGFP(11)	AID	
dyf-2	WBGene00001118	1	GFP	AID	
dyf-5	WBGene00001121	3	GFP;mScarlet		
dys-1	WBGene00001131	1	mNG	degron	
eat-17	WBGene00020770	1	GFP		
eat-2	WBGene00001133	1	YFP		
eat-5	WBGene00001136	1	GFP		OH16047
ebax-1	WBGene00004140	1	mScarlet3		
ebp-1	WBGene00013344	1	sGFP(11)		
ebp-2	WBGene00012156	8	GFP;eGFP;mKate2;mNG;sGFP(11)	FLAG	EU3068;JLF302;SBW292
eco-1	WBGene00017269	1		AID;FLAG	
edc-3	WBGene00011036	3	mCherry;mNG	FLAG;Myc	GLW43;SHG1687
edc-4	WBGene00021551	1		FLAG	
eef-1B.2	WBGene00012768	1	GFPNovo2	AID;FLAG;TEV	
eel-1	WBGene00022069	1	mNG		GLW8
efa-6	WBGene00013223	2	GFP;mScarlet		CZ31328
eff-1	WBGene00001159	1	GFP		GOU2042
efhc-1	WBGene00013028	1	GFP	FLAG	
efl-1	WBGene00001161	1		AID	
efl-3	WBGene00009899	1	GFP	AID	
egc-1	WBGene00184990	3	GFP;mCherry	FLAG	SHG1683;SHG1685
egc-3/F59B1.8	WBGene00019100	2	GFP	FLAG	SHG2876
eggd-1/mip-1/C38D4.4	WBGene00008005	3	GFP	AID;FLAG	
egl-1	WBGene00001170	3	mStayGold;smScarlet(11)	Myc	GLW29;MD5016
egl-13	WBGene00001182	2	mNG		SYS642
egl-17	WBGene00001185	1	mNG	FLAG	APL23
egl-18	WBGene00001186	3	eGFP;mNG	FLAG;TY1	RW12252;SYS673
egl-19	WBGene00001187	5	Skylan-S;sGFP(11);smCherry(11)	V5;ZF	
egl-2	WBGene00001171	2	YFP		CG1438
egl-20	WBGene00001188	5	GFP;YPet;Ypet;mNG	FLAG	LP515;LP815
egl-23	WBGene00001190	4	TagBFP;TagRFP-T;mScarlet	Myc	
egl-27	WBGene00001194	1	mCherry		
egl-38	WBGene00001204	1	GFP		
egl-43	WBGene00001207	10	GFP;TagRFP-T;eGFP	AID;FLAG;TY1;ZF	DQM300;DQM494;RW12181
egl-44	WBGene00001208	3	GFP;mNG		RW12173;SYS603
egl-46	WBGene00001210	2	mNG		SYS637
egl-5	WBGene00001174	1	mNG	AID	PHX2361
egl-8	WBGene00001177	1	mNG		
ego-1	WBGene00001214	6	GFP;GFPNovo2;TagRFP;mCherry	AID;FLAG;HA;TEV;degron	SHG1675;SHG1936
egrh-1	WBGene00007772	3	GFP;mNG		SYS444
egrh-3	WBGene00044651	1	eGFP	FLAG;TY1	RW12196
ehbp-1	WBGene00009098	1	sGFP(11)	FLAG	
eif-1.A	WBGene00019162	1	mNG		NK2621
eif-2Bepsilon	WBGene00008428	1	GFPNovo2	AID;FLAG;TEV	
eif-2D	WBGene00016113	1	GFPnovo2	FLAG	PHX3364
eif-3.k	WBGene00001233	1	GFP	FLAG;TY1	
ekl-1	WBGene00009052	2	GFP;GFPNovo2	AID;FLAG;TEV	SHG1679
ekl-4	WBGene00013676	1	eGFP	FLAG;TY1	RW12207
elks-1	WBGene00018330	6	GFP;Skylan-S;mNG;sGFP(11)	TurboID	TV24780;UJ2587
elli-1	WBGene00008968	2	GFP	FLAG	SHG1682
elo-1	WBGene00001239	2	GFP;mNG	FLAG	NK2633
elo-6	WBGene00001244	1	GFP	FLAG	
elt-1	WBGene00001249	2	mNG		SYS680
elt-2	WBGene00001250	2	mNG		SYS412
elt-6	WBGene00001253	2	mNG		SYS631
elt-7	WBGene00015981	2	mNG		SYS543
emb-4	WBGene00001258	2	GFP	FLAG;OLLAS	SX3117
emb-9	WBGene00001263	18	mCherry;mEos2;mNG;mRuby;mRuby2;mScarlet-I;sGFP(11)		NK2326;NK2585;NK2604;NK2651;NK2920;NK3057;NK3072;NK3073;NK3210;NK3211
emr-1	WBGene00001309	3	mCherry;mNG	FLAG	SBW308
end-1	WBGene00001310	2	mNG		SYS549
end-3	WBGene00001311	2	mNG		SYS436
endu-2	WBGene00019779	1	eGFP		BR7205
enpl-1	WBGene00011480	2	mKate2;sfGFP		
enpp-1	WBGene00007753	1	GFPNovo2	AID;FLAG;TEV	
enri-1	WBGene00018386	1	GFP		
enri-2	WBGene00011981	2	GFP	FLAG	
enri-3/hrde-2	WBGene00011324	2	GFP	FLAG	SHG3113
ent-1	WBGene00001320	2	mNG	V5;degron	
ent-2	WBGene00010701	2	mScarlet	FLAG;HA;degron	
epi-1	WBGene00001328	3	mNG;mScarlet	Myc	NK2404
epic-1	WBGene00008707	1	mNG		
epic-2	WBGene00019540	1	mNG		
epic-3	WBGene00044293	1	mNG		
eps-8	WBGene00001330	4	GFP;mNG;mScarlet	FLAG;ZF	LP898
ergo-1	WBGene00019971	2	GFP	FLAG	JMC211
erh-2	WBGene00009444	1	GFP	FLAG	SHG665
erm-1	WBGene00001333	13	GFP;eGFP;mCherry;mScarlet;tagBFP2	AID;SunTag;degron	BOX213
etc-1	WBGene00008429	2	GFP	FLAG;TEV	
etfa-1	WBGene00009187	1	GFPNovo2	AID;FLAG;TEV	
ets-5	WBGene00016600	3	GFP;mNG		SYS643
ets-8	WBGene00016798	1	mNG		
eva-1	WBGene00009304	2	mNG		NK2700
exc-1	WBGene00001362	1	GFP	FLAG	BK597
exc-2/ifc-2	WBGene00002056	4	GFP;YFP	FLAG	BK531;BK533
exc-5	WBGene00001366	1	mScarlet	ZF	
exc-7	WBGene00001368	2	GFP	FLAG	OH16020
exc-9	WBGene00017644	5	GFP	FLAG	BK585;BK587;BK588;BK589;BK590
exl-1	WBGene00001371	1	mNG		
farl-11	WBGene00017349	1	mNG	FLAG;TEV	
fasn-1	WBGene00009342	3	GFP;mNG		AG400;NK2636
fat-6	WBGene00001398	2	GFP;YFP		PHX649
fat-7	WBGene00001399	1		AID;FLAG	
fbf-1	WBGene00001401	1		FLAG	
fbf-2	WBGene00001402	10	GFP;TagRFP;eGFP	FLAG;V5;λN	JH3201;JK5810;JK5842;JK5935;SHG2152
fbl-1	WBGene00001403	3	mNG		NK2579;NK2644
fbn-1	WBGene00022816	2	mNG		NK2688
fbxa-192	WBGene00010212	1	GFP		
fbxa-215	WBGene00012879	1	GFP		
fbxl-2	WBGene00007168	1	GFP		
fbxl-5/T05B11.1	WBGene00020245	1		AID;FLAG	
fce-1	WBGene00001405	2	mNG		NK3017
fdgt-1	WBGene00019207	5	mKate;mNG	ZF	NK2540;NK2794
fer-1	WBGene00001414	1	mNG		
fhip-1/C05D11.8	WBGene00015485	1	GFP		
fib-1	WBGene00001423	7	GFP;Ruby;mScarlet;smScarlet(11)	FLAG	CF4601;CF4611;CF4639
fig-1	WBGene00009968	3	sfGFP		PHX7231
fkh-9	WBGene00001441	1	GFP	TY1	
fli-1	WBGene00001443	1	mNG		LP897
fln-2	WBGene00016006	4	GFP;TagRFP-T;mTagBFP;sGFP(11)		
flor-1	WBGene00011339	1	GFP		
fnta-1	WBGene00019823	2	mNG		NK2929
fog-3	WBGene00001483	1	GFPNovo2	AID;FLAG;TEV	
fos-1	WBGene00001345	5	GFP;TagRFP-T;mNG	AID	DQM497
fox-1	WBGene00001484	1	GFP	FLAG	OH16704
frm-1	WBGene00001488	1	GFP		
fsn-1	WBGene00001499	1	GFP		
fust-1	WBGene00016173	5	GFP;mRFP	FLAG	OH16464
fut-1	WBGene00001505	1	GFPNovo2	AID;FLAG;TEV	
fzo-1	WBGene00001509	2	GFP;GFPNovo2	AID;FLAG;TEV	SHX324
fzr-1	WBGene00001510	1		V5	JK6673
garr-1	WBGene00022046	3	GFP;sGFP(11);smScarlet(11)		
gas-1	WBGene00001520	1	mNG		
gck-2	WBGene00022603	1	mNG	FLAG	
gcna-1	WBGene00022694	3	GFP	HA;OLLAS	
gcy-22	WBGene00001547	1	GFP		GJ3452
gcy-28	WBGene00020131	1	GFP		
gcy-9	WBGene00001536	1	GFPNovo2	AID;FLAG;TEV	
gei-17	WBGene00001574	4	GFP	AID;FLAG;degron	FGP29;FGP30
gex-3	WBGene00001580	5	GFP;mNG;mTurquoise2	AID;FLAG	LP362
gid-2	WBGene00020301	1	mScarlet3		
gip-1	WBGene00001589	5	GFP;TagRFP-T	FLAG;Myc;ZF	JLF14;JLF173;JLF24
gip-2	WBGene00044008	3	GFP;GFPNovo2	AID;FLAG;TEV	CZ24092
git-1	WBGene00008805	3	GFP;mNG	His	ML2550
gla-3	WBGene00011376	1	GFP	FLAG	DG4230
gld-1	WBGene00001595	5	GFP;GFPNovo2;mKate2;mScarlet	AID;FLAG;TEV	SHG2362;SHG3115
gld-2	WBGene00001596	1	GFP	FLAG	SHG2672
gld-3	WBGene00001597	2	GFP	FLAG	SHG2537
gld-4	WBGene00014115	3	GFP;GFPNovo2	AID;FLAG;TEV	SHG2540;SHG2957
gldi-2/T13C2.6	WBGene00020481	1	mNG	FLAG	GLW35
glh-1	WBGene00001598	9	GFP;Gamillus;TagRFP;eGFP;mCherry	FLAG;HA	SHG2609;SHG2848;SHG833
glh-2	WBGene00001599	2	GFP;GFPNovo2	AID;FLAG;TEV	SHG2429
glh-3	WBGene00001600	1	GFP	FLAG	SHG2536
glh-4	WBGene00001601	2	GFP;GFPNovo2	AID;FLAG;TEV	SHG2430
glna-1	WBGene00007480	1	GFP		
glna-2	WBGene00008435	1	GFP		
glna-3	WBGene00009271	1	GFP		
glo-1	WBGene00011083	2	GFP;GFPNovo2	AID;FLAG;TEV	
glp-1	WBGene00001609	4	GFP	OLLAS;V5	JK5933;JK5973
glt-1	WBGene00001620	1	mNG		
gmeb-3	WBGene00008092	1	mNG		
golg-2	WBGene00018017	1	mScarlet		PHX6680
golg-4	WBGene00010306	4	GFP;mScarlet;mScarlet-I3;mScarlet3		OH19204;OH19205;OH19206;PHX6547
golg-5	WBGene00011975	1	mScarlet		PHX5400
gon-1	WBGene00001650	4	mNG		NK2590;NK2920;NK2922
gpb-1	WBGene00001679	1		FLAG	
gpd-3	WBGene00001685	1	GFPNovo2	AID;FLAG;TEV	
gpdh-1	WBGene00009824	1	GFP		
gpla-1	WBGene00001466	1		His	
gpn-1	WBGene00001687	2	mNG		NK2581
gpr-1	WBGene00001688	3	eGFP;mCherry	FKBP;ePDZ	
gpx-1	WBGene00009165	1	GFPNovo2	AID;FLAG;TEV	
gras-1	WBGene00009272	1	GFP		
grd-3	WBGene00001692	2	GFPNovo2;mKate2	AID;FLAG;HA;TEV	
grh-1	WBGene00001707	1	eGFP	FLAG;TY1	RW12208
grl-18	WBGene00001727	1	sfGFP		
grl-2	WBGene00001711	1	sfGFP		PHX7064
grl-26	WBGene00001735	1	mKate		
grl-4	WBGene00001713	1	Venus	FLAG	
grl-7	WBGene00001716	1	mCherry	FLAG	
grwd-1/Y54H5A.1	WBGene00021899	2	GFP	AID	ESC432;ESC444
gsk-3	WBGene00001746	1	mNG	FLAG	LP538
gskl-1	WBGene00010991	1		FLAG	
gskl-2	WBGene00007977	1		OLLAS	
gsox-1/F33H1.4	WBGene00009365	1	eGFP	FLAG;TY1	RW12303
gsp-1	WBGene00001747	2		AID;degron	
gsp-2	WBGene00001748	6	GFP	AID;FLAG;HRV;Halotag;degron	
gst-31	WBGene00001779	1	GFPNovo2	AID;FLAG;TEV	
gst-7	WBGene00001755	1	GFP	AID;FLAG	
gtbp-1/K08F4.2	WBGene00010677	17	GFP;TagRFP;eGFP;mCherry;mNG;mTagGFP;meGFP	FLAG;Myc;OLLAS;TetraCys;ZF	JH3182;JH3184;JH3186;JH3197;JH3199
gtf-2H1	WBGene00019821	2	GFP	AID	HAL504
gtf-2H2C	WBGene00011814	1	GFP	FLAG	
gtf-2H5	WBGene00021904	2	GFP	AID	HAL240
gur-3	WBGene00001804	2	GFP		SXB63
gyf-1	WBGene00016002	2	mNG	FLAG	GLW4
hach-1	WBGene00017301	1	mCherry		
hasp-1	WBGene00007258	1		degron	
hbl-1	WBGene00001824	7	mNG;mScarlet-I	AID	SYS641;VT3751;VT3869;VT3922
hcf-1	WBGene00001827	1	GFP	FLAG	
hcp-1	WBGene00001829	1	GFP		
hcp-2	WBGene00001830	2	GFP;GFPNovo2	AID;FLAG;TEV	
hcp-3	WBGene00001831	3	GFP	HA	
hcp-4	WBGene00001832	2	GFP;mCherry	FLAG	
hda-1	WBGene00001834	5	GFP	FLAG;HA;TEV;degron	
hdl-1	WBGene00001839	1	GFP		PHX1048
hecd-1	WBGene00016405	2	GFP	FLAG	
henn-1	WBGene00015349	1	GFP	FLAG	SHG2244
herd-1/Y111B2A.3	WBGene00013729	1	GFP	FLAG	
heri-1	WBGene00016236	2	GFP	FLAG	
hgo-1	WBGene00001843	1	mCherry	HA	
him-10	WBGene00001869	2	GFP;mScarlet		
him-18	WBGene00011415	1		HA	
him-19	WBGene00022390	1		FLAG	
him-3	WBGene00001862	3	GFPNovo2;mEos2;mMaple3	AID;FLAG;TEV	
him-4	WBGene00001863	5	mCherry;mEOS2;mNG		NK2422;NK2645
him-5	WBGene00001864	1	GFPNovo2	AID;FLAG;TEV	
him-6	WBGene00001865	1		HA	
him-8	WBGene00001867	1		AID;V5	
hinf-1/F39B2.1	WBGene00009553	1	eGFP	FLAG;TY1	RW12232
his-11	WBGene00001885	1	GFP		
his-13	WBGene00001887	1	Dendra2		
his-15	WBGene00001889	1	GFP		
his-2	WBGene00001876	1	Dendra2		
his-20	WBGene00001894	1	GFP		
his-22	WBGene00001896	1	GFP		
his-25	WBGene00001899	1	Dendra2		
his-29	WBGene00001903	1	GFP		
his-3	WBGene00001877	6	sGFP(11);smScarlet(11)		CF4592;CF4594;CF4608
his-32	WBGene00001906	1	Dendra2		
his-34	WBGene00001908	1	GFP		
his-39	WBGene00001913	1	GFP		
his-4	WBGene00001878	1	GFP		
his-40	WBGene00001914	1	Dendra2		
his-41	WBGene00001915	1	GFP		
his-44	WBGene00001918	1	GFP		
his-45	WBGene00001919	1	Dendra2		
his-48	WBGene00001922	2	GFP		
his-52	WBGene00001926	1	GFP		
his-54	WBGene00001928	1	GFP		
his-55	WBGene00001929	3	Dendra2;eGFP	FLAG;OLLAS;TEV	
his-58	WBGene00001932	1	GFP		
his-59	WBGene00001933	1	Dendra2		
his-6	WBGene00001880	1	Dendra2		
his-61	WBGene00001935	2	GFP		
his-62	WBGene00001936	1	GFP		
his-63	WBGene00001937	1	Dendra2		
his-66	WBGene00001940	1	GFP		
his-69	WBGene00001943	1	GFP		
his-70	WBGene00001944	1	GFP		FAS47
his-71	WBGene00001945	1	GFP		FAS84
his-72	WBGene00001946	20	Dendra2;GFP;Gamillus;mCherry;mNG;mTurquoise;mTurquoise2;smScarlet(11)	AID;FAP;FLAG;HA;Myc	DV3285;DV3651;FAS46;GLW27
his-74	WBGene00012276	2	GFP		FAS32
his-8	WBGene00001882	1	GFP		
hlh-1	WBGene00001948	1	GFP	AID	
hlh-13	WBGene00001957	1	GFP		PHX7685
hlh-14	WBGene00001958	3	eGFP;mNG	FLAG;TY1	RW12346;SYS461
hlh-15	WBGene00001959	1	GFP		PHX7688
hlh-17	WBGene00001961	1	GFP		PHX6303
hlh-2	WBGene00001949	4	GFP;mScarlet	AID	DQM311;GS8949
hlh-25	WBGene00001964	1	mNG		
hlh-26	WBGene00001965	1	GFP		RW12174
hlh-3	WBGene00001950	3	GFP;mNG		NFB1692
hlh-30	WBGene00020930	3	eGFP;mNG	FLAG	VZ892
hlh-31	WBGene00009540	1	GFP		PHX6112
hlh-32	WBGene00013665	2	GFP;eGFP	FLAG;TY1	PHX6078;RW12256
hmg-1.1	WBGene00001971	1	eGFP	FLAG;TY1	RW12311
hmg-1.2	WBGene00001972	1	eGFP	FLAG;TY1	RW12210
hmg-20	WBGene00012209	3	eGFP;mNG	FLAG;TY1	RW12240;SYS477
hmg-3	WBGene00001973	3	GFP;eGFP	FLAG;HA;TY1	RW12234
hmg-4	WBGene00001974	2	GFP	HA	
hmg-5	WBGene00001975	2	GFP;sGFP(11)		FT2064
hmgr-1	WBGene00017268	3	mNG		NK2935;NK2943
hmp-1	WBGene00001978	4	GFP;mScarlet	FLAG;ZF	LP191;SU896
hmr-1	WBGene00001980	5	GFP;mScarlet	AID	LP172;LP322
hnd-1	WBGene00001981	2	mNG		SYS676
hoe-1/elac-2	WBGene00001983	1	GFP		
hpl-1	WBGene00001995	2	mKate2		OH14021
hpl-2	WBGene00001996	2	mKate2		OH14220
hpo-27	WBGene00016418	1	mKate2	TurboID	
hpo-40	WBGene00014113	1	mCherry	HA	
hrpk-1	WBGene00017816	1	GFP		
hsf-1	WBGene00002004	9	GFP;eGFP	AID;FLAG;TY1;degron	JTL611;RW12254
hsp-1	WBGene00002005	1		HA	
hsp-110	WBGene00016250	2	GFP;GFPNovo2	AID;FLAG;TEV	
hsp-12.6	WBGene00002013	1	mKate2		PHX1364
hsp-3	WBGene00002007	2	mScarlet	HA;His;degron	
hsp-4	WBGene00002008	3	mNG;mScarlet	FLAG;HA;V5;degron	GLW47
hsp-70	WBGene00002026	1		FLAG	
hsp-90	WBGene00000915	1		HA	
hsr-9	WBGene00002027	3	GFP	HA;V5	
htp-1	WBGene00002032	2	GFP	FLAG	
htp-3	WBGene00002034	2	eGFP;mScarlet	FLAG;Myc	JH4008
htz-1	WBGene00019947	1	GFP	AID	
hum-1	WBGene00002035	1	RFP		QQ226
hum-2	WBGene00002036	1	mNG		
hum-5	WBGene00002038	1	mNG		
hum-7	WBGene00002040	1	GFP		
hus-1	WBGene00002042	1	mNG		
icl-1	WBGene00001564	1	mCherry		
ida-1	WBGene00002048	2	mScarlet;sGFP(11)		ESC716
idha-1	WBGene00009664	1	GFPNovo2	AID;FLAG;TEV	
idpc-1/Y47D3B.6	WBGene00012942	1	mGreenLantern		RP3497
ifa-4	WBGene00002052	4	mKate2	Myc	BK532;BK533;BK588
ifb-1	WBGene00002053	1	mNG		
ifb-2	WBGene00002054	2	mCherry;mNG		
ife-1	WBGene00002059	4	GFP;GFPNovo2;mKate2	AID;FLAG;Myc;TEV	KX155;SHG2427
ife-3	WBGene00002061	3	GFP	FLAG;V5	JK6594;KX155;SHG682
ifet-1	WBGene00004132	9	GFP;GFPNovo2;TagRFP;mCherry;mScarlet-I	AID;FLAG;TEV;V5;degron	JWW166;JWW253;SHG2243;SHG2766
ifg-1	WBGene00002066	6	GFPNovo2;mCherry	AID;FLAG;Myc;TEV;V5;dV5	
ift-139	WBGene00022696	1	GFP	AID	
ift-74	WBGene00016005	1	GFP		GOU2362
ift-81	WBGene00017973	2	BFP;TagBFP		GOU2187
ifta-1	WBGene00016935	1	GFP	AID	
ify-1	WBGene00002068	1	mNG		OD5096
igcm-1	WBGene00018215	1	GFP	FLAG;ZF	
ikb-1	WBGene00002069	1	mCherry		PHX267
ilc-17.1	WBGene00011937	1		HA	
ilcr-2	WBGene00018960	1		AID	
ilkp-1	WBGene00009354	1	GFPNovo2	AID;FLAG;TEV	
imb-1	WBGene00002075	1	mNG		JH4473
immt-1	WBGene00020511	3	GFP;mNG		NK3047;NK3085
immt-2	WBGene00012315	1	mNG		
imph-1	WBGene00010908	1	mEos3.2		
ina-1	WBGene00002081	4	mKate;mKate2;mNG		NK2324;NK2476
ints-11	WBGene00008642	2		FLAG	
ints-13	WBGene00019822	1		FLAG	
ints-2	WBGene00013877	1		FLAG	
ints-3	WBGene00022360	1		FLAG	
ints-4	WBGene00012234	1	mKate2	AID;FLAG	
ints-5	WBGene00013075	1		FLAG	
ints-6	WBGene00000994	1		FLAG	JCP462
ints-7	WBGene00008361	1		FLAG	
ints-9	WBGene00017608	1		FLAG	
inx-18	WBGene00002140	1	emGFP	AID	
inx-20	WBGene00002142	1	mCherry		
inx-3	WBGene00002125	1	mKate		
inx-6	WBGene00002128	2	GFP		OH13525;OH15535
inx-8	WBGene00002130	1	mKate		
inx-9	WBGene00002131	1	GFP		
islo-1	WBGene00018356	1	mScarlet		
isp-1	WBGene00002162	1	mNG		
jbts-14	WBGene00018727	1	mNG		
jnk-1	WBGene00002178	1	mNG	FLAG	GLW77
jun-1	WBGene00012005	1	GFP		
kap-1	WBGene00002182	1	GFP		
kcnl-1	WBGene00007176	1	mScarlet		
kdin-1	WBGene00006490	1	GFPNovo2	AID;FLAG;TEV	
kgb-2	WBGene00002188	1	GFP	AID;FLAG	
kin-10	WBGene00002196	1		Myc	
kin-19	WBGene00002202	1	smScarlet(11)		
kin-20	WBGene00002203	1	mKate2	HA;degron	
kin-3	WBGene00002191	1		V5	
kle-2	WBGene00016202	1		FLAG;TEV	
klf-2	WBGene00009998	2	eGFP	FLAG;TY1	RW12310
klf-3	WBGene00003480	2	mNG		SYS512
klp-12	WBGene00002223	1	mNG	FLAG	LP521
klp-16	WBGene00002226	1	GFP		
klp-17	WBGene00002227	1	mNG	FLAG	LP443
klp-19	WBGene00002229	2	GFP;GFPNovo2	AID;FLAG;TEV	
klp-20	WBGene00002230	3	GFP;mNG	FLAG	GOU2187;LP608
klp-4	WBGene00002217	1	mNG	FLAG	LP600
klp-7	WBGene00002219	1	mNG	FLAG	LP447
klp-8/gcc-1	WBGene00002220	1	mNG	FLAG	LP604
klu-1/ZK337.2	WBGene00013970	1	eGFP	FLAG;TY1	RW12326
knl-1	WBGene00002231	7	GFP;darkGFP;mCherry;mTagBFP;sGFP(11)	AID;FLAG;HA;TEV	OD3392
knl-2	WBGene00019432	1	GFP		
knl-3	WBGene00020392	2	GFP;mScarlet	FLAG	
kqt-2	WBGene00002234	1	sGFP(11)		
krr-1	WBGene00015461	1	GFPNovo2	AID;FLAG;TEV	
lab-1	WBGene00007278	1	GFP		
lab-2	WBGene00018954	1	GFP		
laf-1	WBGene00002244	3	GFP;mNG	FLAG	SHG2534
lag-1	WBGene00002245	10	GFP;eGFP;mKate2;mNG	AID;FLAG;HA;TY1;degron	BS5633;RW12314;SYS671
lag-2	WBGene00002246	1	mNG	FLAG	
lam-1	WBGene00002247	2	mNG;mScarlet	Myc	
lam-2	WBGene00016913	11	mEOS;mEOS4;mGreenLantern;mKate2;mNG;mScarlet-I		NK2335;NK2446;NK3027;TV28592;TV28593
lam-3	WBGene00002248	3	mNG;mScarlet	Myc	NK2425
larp-1	WBGene00020097	1	GFPNovo2	AID;FLAG;TEV	
lars-1	WBGene00003073	1	GFPNovo2	AID;FLAG;TEV	
lat-1	WBGene00002251	2	eGFP	FLAG	PHX8408
ldp-1	WBGene00017719	1	mRuby	HA	
lea-1	WBGene00002263	5	mNG;mYPet	AID;FLAG	LP858;LP859;LP860;LP861
lect-2	WBGene00019407	1	YFP		
lem-2	WBGene00002275	4	GFPNovo2;mNG	AID;FLAG;HA;TEV	SBW115
lem-3	WBGene00002276	1	eGFP	S-tag	TG4267
let-2	WBGene00002280	4	mMaple;mNG;mRuby2		NK2984;NK3026;NK3242
let-363	WBGene00002583	2		AID	WBM1481
let-381	WBGene00002601	4	GFP;mNG	AID	OS13288;SYS668
let-4	WBGene00002282	2	GFP;mCherry		ML2578;UP3756
let-413	WBGene00002632	2	GFP;mCherry	AID	
let-418	WBGene00002637	2	mCherry	FLAG;degron	
let-502	WBGene00002694	1	GFP		
let-60	WBGene00002335	2	mNG		NK2987
let-607	WBGene00002783	1	GFP		
let-653	WBGene00002827	1	sfGFP		UP3746
let-805	WBGene00002915	5	GFP;RFP;mScarlet		ML2501
let-92	WBGene00002363	1	GFP	AID;FLAG	
lev-10	WBGene00002977	5	GFP;sGFP(11)		NC3381;NC3492;NC3493
lgc-41	WBGene00008022	1	GFP		
lgc-50	WBGene00020605	1	GFP		
lgg-1	WBGene00002980	1	mCherry		
lgl-1	WBGene00018987	2	GFP;mScarlet	ZF	NWG285
lig-4	WBGene00002986	1		OLLAS	
lim-6	WBGene00002988	2	GFP		OH18619
lim-7	WBGene00002989	2	mNG		SYS473
lin-1	WBGene00002990	3	eGFP;mNG	FLAG;TY1	RW12212;SYS645
lin-11	WBGene00003000	1	GFP	FLAG	OH15910
lin-12	WBGene00003001	8	mNG	FLAG	APL31;DQM1051;DQM1066;DQM1068;DQM1070;DQM1072
lin-14	WBGene00003003	4	GFP;mScarlet-I	AID	OH16790;PD1301
lin-15B	WBGene00023497	2	GFP;eGFP		JH3205
lin-17	WBGene00003006	2	mScarlet;mTurquoise	AID	
lin-22	WBGene00003008	2	mNG		SYS1050
lin-26	WBGene00003012	3	GFP;mNG		RW12178;SYS513
lin-28	WBGene00003014	2	GFP	AID	VT3727
lin-29	WBGene00003015	6	GFP;eGFP	FLAG;TY1	HW1822;HW1826;HW1835;RW12227
lin-3	WBGene00002992	2	mNG	FLAG	LP511
lin-31	WBGene00003017	2	mNG		SYS683
lin-32	WBGene00003018	2	mNG		SYS398
lin-35	WBGene00003020	4	GFP	AID	AWR41;AWR54;AWR56;AWR58
lin-38	WBGene00013006	1	eGFP	FLAG;TY1	RW12236
lin-39	WBGene00003024	2	GFP;mNG	AID;ZF	KRA467
lin-40	WBGene00003025	1	GFP		
lin-41	WBGene00003026	8	Dendra;GFP;mKate2;mNG;mScarlet	AID;FLAG;TEV	DG3913
lin-42	WBGene00018572	1	GFP	FLAG;degron	
lin-44	WBGene00003029	1	BFP	NRT	
lin-45	WBGene00003030	2	GFP	FLAG	MKE243
lin-46	WBGene00003031	1	mCherry		VT3650
lin-48	WBGene00003033	2	mNG		SYS638
lin-5	WBGene00002994	5	eGFP;mCherry;mNG	AID;FLAG;ZF;ePDZ	LP585
lin-52	WBGene00003035	1	mCherry		
lin-53	WBGene00003036	1	mNG		
lin-65	WBGene00022149	3	GFP	FLAG;TEV	GW1618;GW1621
lin-66	WBGene00001562	1	GFP		
lin-9	WBGene00002998	1	mCherry		
lir-1	WBGene00003044	1	eGFP	FLAG;TY1	RW12318
lis-1	WBGene00003047	1	mNG	FLAG	LP591
lit-1	WBGene00003048	1	GFP	AID	
lmbr-1	WBGene00019877	1	GFP		
lmn-1	WBGene00003052	7	GFP;Gamillus;sGFP(11)	AID;V5	JDW182
lmp-1	WBGene00003053	1	mNG		
lmtr-3	WBGene00007390	1	mScarlet		
lon-1	WBGene00003055	1		V5	
lon-2	WBGene00003056	2	mNG		NK2582
lon-8	WBGene00013352	2	mNG;mScarlet	FLAG;OLLAS	JDW769;JDW785
lotr-1	WBGene00008385	3	GFP	FLAG;GFP Nanobody;OLLAS	SHG2903
lov-1	WBGene00003058	5	mNG;mScarlet-I		
lpd-3	WBGene00003060	3	mVenus;sGFP(11)	FLAG	
lpd-6	WBGene00003062	1	sGFP(11)		
lpin-1	WBGene00010425	2	GFP;mNG		ABR339
lpr-3	WBGene00012261	1	sfGFP		UP3666
lro-1/W05H9.1	WBGene00021048	1		FLAG	
lrp-1	WBGene00003071	1	mNG	FLAG	JDW789
lrp-2	WBGene00003072	1	GFP		
lsd-1	WBGene00011615	2	GFP	HA	
lsl-1	WBGene00009937	1	GFP		
lsm-3	WBGene00003077	1	GFPNovo2	AID;FLAG;TEV	
lst-1	WBGene00003083	9		FLAG;OLLAS;V5;λN	JK5758;JK5929;JK5964;WU1756
lsy-22	WBGene00009188	2	TagRFP-T;mNG	AID	
lsy-6	WBGene00003088	2	YFP		MLC2183
luc-7L	WBGene00015207	1	GFPNovo2	AID;FLAG;TEV	
mab-10	WBGene00003107	2	GFP;mCherry	FLAG	
mab-3	WBGene00003100	2	GFP	FLAG	OH15732
mab-5	WBGene00003102	1	mNG	AID;FLAG	PHX6730
mab-9	WBGene00003106	4	TagRFP;eGFP;mNG	AID;FLAG;TY1	OH14357;RW12257;SYS610
mad-1/hmp-2	WBGene00001979	4	GFP	FLAG;TEV;ZF	LP316
madd-4	WBGene00009958	1	TagRFP-T		
madf-1	WBGene00021942	1	eGFP	FLAG;TY1	RW12345
madf-3	WBGene00019218	1	eGFP	FLAG;TY1	RW12241
madf-5	WBGene00007242	1	eGFP	FLAG;TY1	RW12308
madf-6	WBGene00016930	1	eGFP	FLAG;TY1	RW12237
madf-8	WBGene00008118	1	eGFP	FLAG;TY1	RW12322
madf-9	WBGene00022608	1	eGFP	FLAG;TY1	RW12324
mage-1	WBGene00018230	1	GFP	FLAG	
magi-1	WBGene00010444	1	Skylan-S		
magu-2	WBGene00006467	1	GFP		
mai-1	WBGene00003124	2		MS2	SHX3909
mak-2	WBGene00007007	1	GFP		
mals-1/K12H4.2	WBGene00019677	1		FLAG	
malt-1	WBGene00017702	1	GFP		
manf-1	WBGene00021888	1	mKate2		
maph-1.1	WBGene00009306	2	GFP;sGFP(11)		BOX188
maph-9	WBGene00016397	3	BFP;GFP;RFP	FLAG;ZF	
marc-3	WBGene00007643	1	GFP		
mars-1	WBGene00003415	1	GFPNovo2	AID;FLAG;TEV	
math-33	WBGene00010406	1	mCherry	HA	
mbk-2	WBGene00003150	2	GFPNovo2	AID;FLAG;TEV;V5	JH3195
mbr-1	WBGene00011315	1	GFPNovo2	AID;FLAG;TEV	
mccc-1	WBGene00009319	2		His	AX7884
mcd-1	WBGene00013096	1	eGFP	FLAG;TY1	RW12215
mdf-1	WBGene00003160	2	mNG;mScarlet	FLAG;TEV	OD2906;OD4376
mdf-2	WBGene00003161	1	GFP	FLAG;TEV	
mdt-15	WBGene00007016	1	emGFP	AID	IJ1651
mdt-28/F28F8.5	WBGene00009223	1	GFP		
mdt-29	WBGene00007025	1	GFP	degron	
mec-12	WBGene00003175	2	GFP	FLAG;TEV	SA1180
mec-2	WBGene00003166	1	GFP		
mec-3	WBGene00003167	1	GFP		
mec-5	WBGene00003169	1	mScarlet	Myc	
mec-7	WBGene00003171	2	GFP	FLAG;TEV	SA1208
mec-9	WBGene00003173	1	mScarlet	Myc	
med-1	WBGene00003180	1	mNG		
mef-2	WBGene00003182	1	GFP		
meg-1	WBGene00010492	4	GFP;GFPNovo2	AID;FLAG;OLLAS;TEV	DG4213;JH3379;JH3407
meg-3	WBGene00001569	11	GFP;GFPNovo2;mCherry;meGFP	AID;FLAG;Halotag;OLLAS;TEV	JH3477;JH3503;JH3614;JH3644;JH4072;JH4073;SHG2238
meg-4	WBGene00016485	1		FLAG	JH3247
mei-1	WBGene00003183	2	GFP		JWW236
mei-2	WBGene00003184	1	sfGFP		
mel-11	WBGene00003196	2	mNG	ZF	
mel-28	WBGene00003210	5	GFP		BN426;BN452;BN793
mep-1	WBGene00003218	3	GFP;GFPNovo2	AID;FLAG;TEV;degron	
mes-1	WBGene00003219	1	mNG	FLAG	LP527
mes-2	WBGene00003220	2	GFP;eGFP		JH3203
mes-3	WBGene00003221	1		OLLAS	
met-2	WBGene00019883	10	GFPNovo2;mCherry;mKate2	AID;FLAG;HA;TEV	EL634;EL658;EL663;GW1419;GW1539;GW1621;GW1623;OH14221
metl-13	WBGene00015282	1	GFPNovo2	AID;FLAG;TEV	
metr-1	WBGene00010988	1	GFPNovo2	AID;FLAG;TEV	
mex-1	WBGene00003228	1	GFP		
mex-3	WBGene00003229	1	GFP	FLAG	DG4269
mex-5	WBGene00003230	7	mCherry;mNG	FLAG;OLLAS	JH3188;JH3190;JH3296;JH3678;JH3679;LP373
mex-6	WBGene00003231	3	GFP;GFPNovo2;mCherry	AID;FKBP12 protein;FLAG;TEV	JH3209
mib-1	WBGene00012933	3	GFP		
micu-1	WBGene00013462	1	GFP		CZ27508
mig-1	WBGene00003238	1	mKate2	Myc	
mig-10	WBGene00003243	1	mNG	FLAG	SU875
mig-15	WBGene00003247	2	mNG	AID;HA	DV3709
mig-17	WBGene00003248	1	mNG		FDU1056
mig-5	WBGene00003241	1	mNG	AID	LP728
mig-6	WBGene00003242	8	mKate;mNG		NK2442;NK2557
mina-1	WBGene00008061	1	GFP	FLAG	SHG2329
mip-2	WBGene00010281	5	GFP;mCherry	FLAG	SHG2361
miro-1	WBGene00019544	4	GFP;mKate2;sGFP(11)		
misc-1	WBGene00015186	1	GFPNovo2	AID;FLAG;TEV	
mjl-1	WBGene00007644	2	sGFP(11)	HA;V5	
mks-2	WBGene00194710	1	mNG		
mks-5	WBGene00007490	2	mMaple3;mNG		
mks-6	WBGene00010642	1	mNG		
mksr-2	WBGene00021416	1	mNG		
mls-2	WBGene00003377	1	mNG		IX4506
mlt-10	WBGene00015646	1	mNG	FLAG	JDW737
mlt-11	WBGene00012186	1	mScarlet	Myc	
mlt-2/C01H6.2	WBGene00007252	4	mKate2;mNG	FLAG;vivid	
mlt-3	WBGene00012704	1	mKate2	FLAG	
mlt-4	WBGene00013835	7	GFP;TagRFP-T;mScarlet	FLAG;HA;HRV;Halotag;TEV;vivid	
mlt-8	WBGene00021095	1	mNG	FLAG	JDW733
mlt-9	WBGene00008605	1	mNG	FLAG	JDW739
mog-7	WBGene00009672	1	GFP	degron	
mom-2	WBGene00003395	1	mNG	FLAG	LP559
mom-5	WBGene00003397	3	YPet;mKate2;mNG	FLAG	LP184;LP697
mon-2	WBGene00008685	1	emGFP	AID	
morc-1	WBGene00022531	1		FLAG	
mpk-1	WBGene00003401	10	mKate2;mNG	AID;FLAG;OLLAS;V5	DV3285;GLW19;JK6383;JK6403
mpk-2	WBGene00003402	1	GFPNovo2	AID;FLAG;TEV	
mrck-1	WBGene00006437	2	GFP;YPet	FLAG	LP252;LP462
mre-11	WBGene00003405	2	GFP	FLAG	SSM289
mrg-1	WBGene00003406	2		FLAG;HA;degron	
mrp-3	WBGene00003409	1		FLAG	
mrpl-58/R02F2.9	WBGene00019838	1		FLAG	
msh-5	WBGene00003421	3	GFP	AID;HA	
msi-1	WBGene00003423	1	YPet	FLAG	
msp-142	WBGene00003469	1	mCherry	V5	
mtig-1/Y71G12B.26	WBGene00022161	1	GFP		PHX6394
mtl-1	WBGene00003473	1	mNG	FLAG	
mtx-1	WBGene00009559	1	mNG		NK3018
mtx-2	WBGene00022516	3	mNG		NK3084;NK3255
mup-4	WBGene00003497	2	GFP;mCherry		
mut-14	WBGene00003507	1	GFPNovo2	AID;FLAG;TEV	
mut-16	WBGene00003508	12	GFP;mCherry;mTagBFP2;meGFP	FLAG;GFP Nanobody;HA;Myc;SNAP;TurboID	JH3571;SHG2030;YY1492
mut-2/rde-3	WBGene00003499	5	GFP;GFPNovo2	AID;FLAG;HA;TEV	SHG2428
mut-7	WBGene00003504	2	GFPNovo2	AID;FLAG;HA;TEV	
mxl-2	WBGene00003510	1	eGFP	FLAG;TY1	RW12316
myo-2	WBGene00003514	2	GFP;mCherry		RSL84;RSL88
myo-3	WBGene00003515	2	GFP;mCherry		RSL10
myrf-1	WBGene00004134	2	GFP	FLAG	
myrf-2	WBGene00008999	1	GFP		
mzt-1	WBGene00044431	3	GFP	FLAG;ZF	JLF348
nas-37	WBGene00003553	2	mNG;mScarlet	FLAG;OLLAS	JDW436;JDW708
nas-39	WBGene00003555	2	mNG		NK2701
natc-1	WBGene00020719	1	GFP		
natc-2	WBGene00015074	1	GFP		
ncam-1	WBGene00017184	1	GFP	FLAG;ZF	
ncap-1	WBGene00022453	1	mScarlet	FLAG	
ncr-1	WBGene00003561	1	GFP	FLAG	
ncr-2	WBGene00003562	1	GFP	FLAG	
ndc-1/npp-22	WBGene00007118	3	mNG;mRuby;mScarlet		JH4202
ndc-80	WBGene00003576	3	GFP;dGFP;sGFP(11)	AID;FLAG;TEV	
nduf-7	WBGene00012376	1	mNG		NK2841
nduv-2	WBGene00009992	2	mNG		NK2845;NK3087
nekl-2	WBGene00022631	3	mNG	AID;FLAG;vivid	
nekl-3	WBGene00008956	2	mKate2	AID;FLAG	
nekl-4	WBGene00017033	3	mNG;mScarlet		PT3406
nep-2	WBGene00020230	1	GFPnovo2		PHX5406
nex-1	WBGene00003588	1	GFP		
nex-2	WBGene00003589	2	GFPNovo2;mNG	AID;FLAG;TEV	
nex-3	WBGene00003590	1	mNG		
nex-4	WBGene00003591	1	mNG		
nfi-1	WBGene00003592	2	mNG		SYS526
nfki-1	WBGene00007877	2	eGFP	FLAG	CER461
nfya-2	WBGene00043056	1	eGFP	FLAG;TY1	RW12238
nfyb-1	WBGene00021132	1	eGFP	FLAG;TY1	RW12190
nfyc-1	WBGene00017742	3	eGFP;mNG	FLAG;TY1	RW12333;SYS678
ngn-1	WBGene00003595	2	mNG		SYS498
nhj-1/scb-1	WBGene00010407	1		OLLAS	
nhl-2	WBGene00003598	2	GFP	FLAG	SHG2701;VT3554
nhr-1	WBGene00003600	1	mNG		
nhr-121	WBGene00003711	1	GFPNovo2	AID;FLAG;TEV	
nhr-23	WBGene00003622	8	GFP;mScarlet	AID;FLAG;Myc;TEV;degron	JDW29;JDW684;JDW92;KRY87;KRY88
nhr-25	WBGene00003623	5	GFP	AID;FLAG;TEV;degron	KRY84;KRY85
nhr-35	WBGene00003628	2	mNG		SYS528
nhr-41	WBGene00022423	1	eGFP	FLAG;TY1	RW12221
nhr-49	WBGene00003639	7	GFP;mCherry;mNG;sfGFP	HA;TurboID	PHX3258;PMD300;PMD320;PMD342;SYS696
nhr-62	WBGene00003652	1	GFPNovo2	AID;FLAG;TEV	
nhr-67	WBGene00003657	5	GFP;TagRFP-T;mNG;mScarlet-I	AID;FLAG	PHX509
nhr-8	WBGene00003607	1	mNG	FLAG	GLW41
nhr-85	WBGene00003675	1	GFP	AID;FLAG	JDW628
nid-1	WBGene00003738	5	mKate2;mMaple;mNG;mScarlet	Myc	NK2443
nifk-1	WBGene00011408	2	mNG		NK2964
nipi-3	WBGene00010700	1	GFP		
nkb-2	WBGene00008074	2	GFP		
nlp-29	WBGene00003767	1	mKate2		PHX1965
nlr-1	WBGene00003772	2	mKate;mNG		
nmy-1	WBGene00003776	3	GFP		ML2540;ML2936;ML2937
nmy-2	WBGene00003777	8	GFP;mCherry;mKate2;mNG;sGFP(11)	FLAG;degron	LP162;LP256
noah-1	WBGene00016422	4	mCherry;mNG	FLAG	JDW460;ML2482
noah-2	WBGene00009926	2	GFP;mNG	FLAG	JDW461
nob-1	WBGene00003779	3	GFP;mNG		PHX2679;SYS724
noca-1	WBGene00011647	1	GFP	FLAG;ZF	
noca-2	WBGene00011444	1	eGFP		
nono-1	WBGene00017778	2	GFP;TagRFP	FLAG	OH16294
nonu-1	WBGene00017811	1		FLAG	
nop-1	WBGene00017774	1		HA;ZF	
nos-2	WBGene00003784	1		FLAG	JH3193
nos-3	WBGene00003785	2		FLAG	
nova-1	WBGene00013347	1	GFP		PHX4373
npa-1	WBGene00003786	1	mNG	FLAG	JDW656
nphp-4	WBGene00011261	1	mNG		
npp-1	WBGene00003787	1	GFPNovo2	AID;FLAG;TEV	
npp-10	WBGene00003796	3	mNG		JH3867
npp-11	WBGene00003797	2	mScarlet	AID;FLAG	JH4201;JH4484
npp-12	WBGene00003798	1	mNG		JH4416
npp-14	WBGene00003800	4	GFP;mNG	FLAG;HA;OLLAS;TurboID	JH3872;JH4467
npp-19	WBGene00003805	1	GFP		
npp-2	WBGene00003788	3	GFP		BN1082
npp-21	WBGene00019940	2	GFP		BN1062
npp-24	WBGene00022672	1	GFP		
npp-7	WBGene00003793	1	mCherry		
npp-9	WBGene00003795	6	TagRFP;mCherry;mNG	PCP;SunTag	JH3938;SHG2190;SHG2904
npr-17	WBGene00015559	2	GFP		OH16831
npr-5	WBGene00021983	1	GFP		
nrd-1	WBGene00017004	1	GFPNovo2	AID;FLAG;TEV	
nrde-1	WBGene00007577	1		FLAG	
nrde-2	WBGene00011333	2		FLAG;HA;λN	
nrde-3	WBGene00019862	4	GFP	FLAG	JMC237;JMC247
nrfl-1	WBGene00006438	1	mCherry		
nrx-1	WBGene00007799	3	GFP;Skylan-S	TurboID	
ntl-1/let-711/spn-3	WBGene00002845	4	GFP	FLAG;V5;degron	JK6526
ntl-9	WBGene00016139	1	GFPNovo2	AID;FLAG;TEV	
nucl-1	WBGene00019510	5	GFP;mKate2;mScarlet;sGFP(11)		ESC770;JH4476
nud-2	WBGene00011230	1	mNG	FLAG	LP439
numr-1	WBGene00017270	1	GFP		
nuo-1	WBGene00003831	6	SuperNova;mKate2;mNG		NK2657;NK2777;NK3210;NK3211
nuo-6	WBGene00012166	1	mNG		
nxf-1	WBGene00003834	1	mCherry		SHG2141
nyn-1	WBGene00011959	1	mCherry	HA	
obr-4	WBGene00016331	1	GFP		
odr-1	WBGene00003848	1	meGFP	AID;FLAG	
odr-10	WBGene00003856	1	sGFP(11)		
odr-7	WBGene00003854	1	eGFP	FLAG;TY1	RW12342
ogr-2	WBGene00009946	1		FLAG	
ogt-1	WBGene00003858	3	GFP		OG1124;OG1157
oig-1	WBGene00003859	3	TagRFP;sGFP(11)	FLAG	NC3292;NC3390
oma-1	WBGene00003864	2	GFP	AID	WRM66
oma-2	WBGene00003865	3	mNG	AID;FLAG	LP393;WRM66
orc-1	WBGene00012650	1	mNG	FLAG	DG4228
osm-3	WBGene00003884	4	GFP;mCherry	FLAG	
osm-6	WBGene00003886	4	GFP;sGFP(11)	AID;FLAG	OS13059;OS13359
osp-1	WBGene00044122	1	GFP		
ost-1	WBGene00003893	1	mNG		
pab-1	WBGene00003902	4	GFP;mNG	FLAG;ZF	SHG2241
pacs-1	WBGene00044077	2	GFP;mScarlet		
pad-1	WBGene00003905	1	mScarlet-I		
pal-1	WBGene00003912	2	GFP;mScarlet	AID;FLAG	
pals-22	WBGene00016216	6	GFP	AID	AWR45;AWR59;AWR61;AWR62;AWR63;AWR64
pan-1	WBGene00003915	2	GFP		
par-1	WBGene00003916	6	GFP;mScarlet;meGFP	AID;FLAG;Halotag;ZF	JH3616;JH3679;KK1262
par-2	WBGene00003917	6	GFP;GFPNovo2;mCherry;mNG;mScarlet	AID;FLAG;TEV	KK1254;KK1273;LP637;NWG316
par-3	WBGene00003918	15	GFP;GFPNovo2;TagRFP;YFP;eGFP;eYFP;mCherry;mNG;mScarlet-I	AID;FLAG;Halotag;Myc;SunTag;TEV;ZF	KK1216;KK1218;LP242;LP621;UTX113
par-4	WBGene00003919	4	mNG	FLAG	UTR43;UTR45
par-6	WBGene00003921	17	GFP;GFPNovo2;YFP;eGFP;mCherry;mKate2;mNG;mScarlet-I;sGFP(11)	AID;FLAG;Halotag;LOV;Myc;TEV;ZF	JLF212;KK1248;LP216;LP244;LP653
parg-1	WBGene00004051	1	GFP		
parn-1	WBGene00010734	1	GFP	FLAG	SHG2242
pas-1	WBGene00003922	2	GFP	AID;FLAG	
pash-1	WBGene00011908	5	mScarlet	AID;FLAG;Myc	MLC1065;MLC1726;MLC1729
pat-2	WBGene00003929	4	mNG;mScarlet	FLAG	NK2479
pat-3	WBGene00003930	7	EOS;GFP;mNG	FLAG;ZF	NK2436
patr-1	WBGene00009661	1	GFP	FLAG	
pbrm-1	WBGene00007042	3	GFP	FLAG;TY1	RW12226
pbs-5	WBGene00003951	1	mStayGold		
pbs-6	WBGene00003952	1	mTagBFP2		
pcca-1	WBGene00017864	3	GFPNovo2	AID;FLAG;His;TEV	AX7884
pch-2	WBGene00008641	1	GFP	FLAG	
pck-2	WBGene00011232	2	YFP		CG1367
pcmd-1	WBGene00007640	2	GFP	FLAG;ZF	TMD119
pcn-1	WBGene00003955	2		FLAG	WU1854
pdhb-1	WBGene00015413	1	GFPNovo2	AID;FLAG;TEV	
pdi-6	WBGene00015168	1	GFPNovo2	AID;FLAG;TEV	
pds-5/evl-14	WBGene00001352	2		AID;FLAG;V5	
pdzd-8/C53B4.4	WBGene00008274	1	mNG		
pei-2	WBGene00019972	1	GFPNovo2	AID;FLAG;TEV	
pes-1	WBGene00003976	3	eGFP;mNG	FLAG;TY1	RW12239
pes-8	WBGene00003981	1	GFPNovo2	AID;FLAG;TEV	
pezo-1	WBGene00007505	4	GFP;mScarlet		
pgl-1	WBGene00003992	16	GFP;TagBFP;TagRFP;eGFP;mCardinal;mCherry;mKate2;mTagBFP2;mTagRFP	FLAG;HA;Myc;SNAP;TurboID	JH3269;JK5687;SHG2028;SHG2905;YY1492;YY968
pgl-2	WBGene00003993	2	GFP;GFPNovo2	AID;FLAG;TEV	SHG2606
pgl-3	WBGene00003994	4	GFP;mCherry	FLAG	JH3657;JH4072;SHG2333
pha-4	WBGene00004013	5	GFP;eGFP	AID;AviTag;FLAG;TEV;TY1	OH15876;PHX5755;RW12220
phac-1/F26H9.2	WBGene00009174	1	mScarlet		
php-3	WBGene00004024	4	GFP	FLAG;TY1	OH19587;RW12213
picc-1	WBGene00017931	1	GFP	FLAG	
pics-1/pid-3	WBGene00021270	1	GFP	FLAG	
pid-1	WBGene00017549	1	GFP	FLAG	
pid-4	WBGene00021014	1	GFP	FLAG	SHG2607
pid-5	WBGene00021555	1	GFP	FLAG	SHG2608
pie-1	WBGene00004027	5	GFP;GFPNovo2	AID;FLAG;TEV;degron	EGD175
piit-1	WBGene00009384	2	mNG;mScarlet	FLAG;OLLAS	JDW766;JDW782
pinn-1	WBGene00022448	1	GFP	FLAG	
pitr-1	WBGene00016739	1	GFP		RT3351
pkc-2	WBGene00004033	1	YPet	AID;FLAG	
pkc-3	WBGene00004034	10	GFP;RFP;YPet;eGFP;mNG;mScarlet	AID;FLAG;Halotag;Myc;ZF	KK1228;LP212;LP634
plin-1	WBGene00007024	2	GFP;mRuby	FLAG	
plk-1	WBGene00004042	4	GFP;GFPNovo2;sfGFP	AID;FLAG;HA;TEV	
plk-2	WBGene00004043	6	mRuby	AID;FLAG;HA;TIR1	
plk-3	WBGene00004044	1	GFP		AUM1811
plp-1	WBGene00004046	1	GFP	FLAG	SHG2328
plst-1	WBGene00022425	1	GFP		
pmk-1	WBGene00004055	2	mNG	FLAG	DV3327
pod-1	WBGene00004075	1	GFP		
pod-2	WBGene00004076	5	GFP	AID;FLAG;His;TEV	AX7884;DG4324
pole-4/Y53F4B.3	WBGene00013150	1	eGFP	FLAG;TY1	RW12270
pop-1	WBGene00004077	2	GFP;eGFP	AID	PHX5791;SV2114
pos-1	WBGene00004078	1	GFP	FLAG	DG4222
pot-1	WBGene00015105	1	GFP	FLAG	
pot-2	WBGene00010195	1	GFP		
ppk-1	WBGene00004087	2	GFP;eGFP	AID	
ppm-1.D	WBGene00021856	2		AID;HA	
pptr-1	WBGene00012348	1	mScarlet3	FLAG;ZF1	
ppw-1	WBGene00004093	3	GFP	FLAG	JMC225
ppw-2	WBGene00004094	3	GFP;GFPNovo2	AID;FLAG;TEV	JMC221
pqm-1	WBGene00004096	3	GFP	BioTag;FLAG;TEV	SYS573
pqn-59	WBGene00004143	2	GFP;mNG	FLAG	DG4233;GLW63
pqn-84	WBGene00004165	1	GFPNovo2	AID;FLAG;TEV	
prde-1	WBGene00008995	3	GFP	TurboID	
prdx-2	WBGene00006434	2	GFP		SXB15
prg-1	WBGene00004178	8	GFP;mCherry;mKate2;mTagRFP	FLAG;HA;Myc;TEV;TurboID;V5	AUM1695;JMC213;SHG763
prom-1	WBGene00009173	1		HA	
prp-19	WBGene00020423	2		FLAG;Strep	
prp-8	WBGene00004187	1	sGFP(11)	degron	
prpf-4	WBGene00004186	4	eGFP;mCherry	FLAG;TY1	
pry-1	WBGene00004202	1	mNG	FLAG	LP713
pssy-2	WBGene00012095	1	GFPNovo2	AID;FLAG;TEV	
ptl-1	WBGene00004212	1	smScarlet(11)	Myc	
ptp-3	WBGene00004215	2	mNG		NK2477
ptpn-22	WBGene00021507	1		FLAG;TurboID	
ptr-24	WBGene00004238	1		AID;HA	
ptrn-1	WBGene00004121	1	GFP		JLF16
puf-11	WBGene00022257	2	GFP	FLAG;TEV;V5	JK6280
puf-3	WBGene00004239	2	GFP	FLAG;TEV;V5	JK6080
puf-5	WBGene00004241	1	GFP	FLAG	DG4215
puf-8	WBGene00004244	3	GFP;GFPNovo2	AID;FLAG;TEV;V5	SHG1614
puf-9	WBGene00004245	1	GFP	FLAG	OH17945
pup-2	WBGene00019628	2		FLAG	EL629
pup-3	WBGene00019082	2		FLAG;HA	EL661;EL662
pup-4/F43E2.1	WBGene00018390	1		FLAG	EL716
pxf-1	WBGene00004254	1	GFP	FLAG	
pxn-1	WBGene00004256	2	mNG		NK2445
pxn-2	WBGene00004257	4	mNG		NK2444;NK2565
pyc-1	WBGene00004258	3	GFPNovo2	AID;FLAG;His;TEV	AX7884
pyk-1	WBGene00009126	1	GFPNovo2	AID;FLAG;TEV	
qua-1	WBGene00004264	1	mNG	FLAG	JDW741
rab-1	WBGene00004266	1	GFPNovo2	AID;FLAG;TEV	
rab-10	WBGene00004273	8	mNG;mScarlet	FLAG	TV27863;TV27864;TV27873;TV27876
rab-11.1	WBGene00004274	4	GFP;GFPNovo2;mNG	AID;FLAG;TEV	TV26971
rab-18	WBGene00004277	2	GFP;GFPNovo2	AID;FLAG;TEV	
rab-19	WBGene00004278	1	GFPNovo2	AID;FLAG;TEV	
rab-2/unc-108	WBGene00006833	1	GFPNovo2	AID;FLAG;TEV	
rab-21	WBGene00004279	1	GFPNovo2	AID;FLAG;TEV	
rab-27/aex-6	WBGene00000089	1	GFPNovo2	AID;FLAG;TEV	
rab-28	WBGene00004281	1	GFPNovo2	AID;FLAG;TEV	
rab-3	WBGene00004267	8	GFP;GFPNovo2;mNG;mScarlet-I;sGFP(11);smScarlet(11)	AID;FLAG;TEV	OTL231;TV25899;UJ2015
rab-30	WBGene00004282	1	GFPNovo2	AID;FLAG;TEV	
rab-35	WBGene00004284	1	GFPNovo2	AID;FLAG;TEV	
rab-37	WBGene00004285	1	GFPNovo2	AID;FLAG;TEV	
rab-39	WBGene00004286	1	GFPNovo2	AID;FLAG;TEV	
rab-5	WBGene00004268	1	GFP		
rab-6.1	WBGene00004269	1	GFPNovo2	AID;FLAG;TEV	
rab-7	WBGene00004271	5	GFP;GFPNovo2;mCherry;mNG	AID;FLAG;TEV	GLW16
rab-8	WBGene00004272	2	GFPNovo2	AID;FLAG;TEV	
rabi-8/rabi-1/F54C9.11	WBGene00010045	1		FLAG	
rabr-1	WBGene00019317	1	GFPNovo2	AID;FLAG;TEV	
rabr-2	WBGene00007067	1	GFPNovo2	AID;FLAG;TEV	
rabr-4	WBGene00008671	1	GFPNovo2	AID;FLAG;TEV	
rabx-5	WBGene00012644	1	GFP		
rack-1	WBGene00010556	2	mScarlet;mScarlet3	FLAG;ZF1	JAR50
rad-23	WBGene00013924	1	mStayGold		
rad-50	WBGene00004296	1		FLAG	
rad-51	WBGene00004297	6	GFP	FLAG;degron	SSM264
rad-54.L	WBGene00004298	1		HA	
raga-1	WBGene00006414	1	emGFP	AID	WBM1204
ral-1	WBGene00021811	3	mKate2	AID;FLAG	DV3402
ram-2	WBGene00004300	1	mNG	FLAG	JDW654
ran-2	WBGene00004303	1	mScarlet		JH3906
rap-1	WBGene00004307	3	GFP;mNG	FLAG	LP399
rap-2	WBGene00004308	2	mKate2	AID;FLAG	DV4012
rap-3	WBGene00004309	2	mNG		NK2503
rba-1	WBGene00004312	1	mCherry		
rbm-25	WBGene00012245	1	GFP		PHX4376
rbm-26	WBGene00015143	2	mScarlet	AID;FLAG	
rbm-39	WBGene00021921	1	mKate2		
rcor-1	WBGene00022278	3	eGFP;mNG	FLAG;TY1	RW12222;SYS667
rde-1	WBGene00004323	2	GFP	FLAG	JMC217
rde-12	WBGene00010280	1	GFP	FLAG	SHG2882
rde-2	WBGene00004324	1	GFP	FLAG	
rde-8	WBGene00022620	1	mCherry	HA	
rdl-1	WBGene00016703	1	GFP		
rec-8	WBGene00004333	2	mNG	FLAG	
ref-1	WBGene00004334	3	eGFP;mNG	FLAG;TY1	RW12224;SYS499
remo-1/F47D2.11	WBGene00206392	1	Venus		
ret-1	WBGene00004336	5	GFP;mCherry;mScarlet		
rga-8	WBGene00021324	1	mKate2	FLAG	
rgl-1	WBGene00017891	1	mNG	FLAG	DV3312
rgs-7	WBGene00004350	1	mCherry	ePDZ	
rheb-1	WBGene00010038	3	mKate2	AID;FLAG	DV3089;DV3670
rho-1	WBGene00004357	1	sfGFP		
ric-7	WBGene00010259	1	sGFP(11)		
ric-8	WBGene00004367	1	mCherry	ePDZ	
rimb-1	WBGene00006513	5	Skylan-S;mScarlet;sGFP(11)		UJ3045
rle-1	WBGene00010923	1	GFP	FLAG	
rme-1	WBGene00004373	1	mScarlet	FLAG	
rme-2	WBGene00004374	2	mScarlet;mScarlet-I3		
rmh-1	WBGene00019712	1		HA;degron	
rmh-2	WBGene00011576	2	mCherry	FLAG	
rmif-2	WBGene00022428	2		FLAG;HA	
rml-3	WBGene00015781	1	GFP	FLAG	
rnp-6	WBGene00004389	2	GFP	HA	
rnp-8	WBGene00020091	3	GFP	FLAG;TEV	SHG2906
rnt-1	WBGene00004393	1	eGFP	FLAG	SV2002
rod-1	WBGene00018900	2	GFP;mScarlet-I		
rol-1	WBGene00004394	1	mNG		PHX5033
rol-6	WBGene00004397	2	mNG;mScarlet	FLAG	
rol-8	WBGene00004398	1	mNG	FLAG	JDW652
rop-1	WBGene00004405	1	GFPNovo2	AID;FLAG;TEV	
rpa-1	WBGene00017546	4	sGFP(11)	OLLAS	SSM473;SSM476;SSM559
rpa-2	WBGene00019767	2		FLAG	SSM387;SSM559
rpa-4	WBGene00019079	5		FLAG;Myc	SSM410;SSM559
rpb-2	WBGene00016140	3	GFP;GFPNovo2	AID;FLAG;TEV	AMP100
rpb-3	WBGene00007971	1	GFPNovo2	AID;FLAG;TEV	
rpb-9	WBGene00022400	1		OLLAS	
rpc-1	WBGene00004411	2	GFP;mNG	FLAG;degron	OH16482
rpl-13	WBGene00004425	1	mNG		
rpl-22	WBGene00004434	2	GFP	FLAG	WBM1344
rpl-31	WBGene00004445	4	mNG;sGFP(11)	ZF	NK2694
rpl-37.1	WBGene00012179	1	mNG		
rpl-4	WBGene00004415	2	sGFP(11)		NK2730
rpl-42	WBGene00004455	1	GFPNovo2	AID;FLAG;TEV	
rpl-5	WBGene00004416	1	GFP		
rpm-1	WBGene00004457	2	GFP;mScarlet		
rpn-1	WBGene00004458	1	GFP	HA;TEV	
rpn-11	WBGene00004467	1	mStayGold		
rpn-12	WBGene00004468	1	GFP		
rpn-2	WBGene00004459	1	GFPNovo2	AID;FLAG;TEV	
rpn-6.1	WBGene00004462	2	GFP	OLLAS	
rpn-6.2	WBGene00010309	2	GFP		LN167;LN170
rpn-7	WBGene00004463	1	GFP		
rpn-8	WBGene00004464	1	GFP		
rpn-9	WBGene00004465	3	GFP;mScarlet		CER620
rpoa-1	WBGene00012999	1	GFP	AID	ESC829
rpoa-2	WBGene00008781	8	GFP	AID;degron	ESC319;ESC332;ESC351;ESC352;ESC360;ESC373;ESC374
rps-10	WBGene00004479	1		HA	WJA1025
rps-20	WBGene00004489	1		FLAG	WJA1190
rps-26	WBGene00004495	2	GFP	AID	
rps-6	WBGene00004475	1	mCherry		JAR16
rpt-1	WBGene00004501	1	mNG		
rpt-3	WBGene00004503	1	GFP	FLAG	
rrc-1	WBGene00009800	1		HA	
rrf-1	WBGene00004508	3	GFP;TagRFP	FLAG	SHG2673;SHG2907
rsd-2	WBGene00004681	1	mCherry	HA	
rsd-6	WBGene00004684	1	GFP	FLAG	SHG2908
rsef-1/tag-312	WBGene00016344	1	GFPNovo2	AID;FLAG;TEV	
rsp-4	WBGene00004701	1	GFP		
rtel-1	WBGene00009124	1		AID;HA	
rtkn-1/C07B5.4	WBGene00007409	1		FLAG	
sac-1/sacm-1L	WBGene00009264	1	GFP		
sacy-1	WBGene00019245	2	GFP	AID;FLAG;Myc;S-tag	
sad-1	WBGene00004719	1	GFP		
saeg-2	WBGene00011964	1	eGFP	FLAG;TY1	RW12230
sago-2	WBGene00018921	3	GFP	FLAG	JMC227
sam-4	WBGene00019126	2	mScarlet-I	ZF	
sams-1	WBGene00008205	1	TagRFP		
sams-3	WBGene00015538	1	mKate		
sams-4	WBGene00015540	1	GFP		
san-1	WBGene00004721	1	GFP	FLAG;TEV	OD2909
sao-1	WBGene00011195	2	GFP;TagRFP	FLAG	
sas-4	WBGene00004726	2	GFP;mMaple3	FLAG;ZF	
sas-6	WBGene00012888	1		FLAG;HA;degron	
sas-7	WBGene00011562	3	GFP;RFP		EU3000
sax-2	WBGene00004728	2	GFP		
sax-3	WBGene00004729	2	mNG		NK2698
sax-7	WBGene00004732	10	GFP;mCherry;mNG;sfGFP	AID;FLAG;ZF	
sbp-1	WBGene00004735	2	mNG		NK3080
sbsp-1	WBGene00011269	1	GFPNovo2	AID;FLAG;TEV	
scav-3	WBGene00013039	3	GFP		
scc-1	WBGene00004737	1		FLAG;TEV	
scc-2	WBGene00004166	1		AID	
scd-1	WBGene00004739	1	mKate2	HA	DV3765
scl-12	WBGene00019178	1	mScarlet		
scpl-4	WBGene00011897	2	mScarlet		WBM1688
sdc-1	WBGene00004745	1	eGFP	FLAG;TY1	RW12225
sdc-3	WBGene00004747	2	mCherry	AID	
sdha-1	WBGene00015391	1	mNG		
sdhb-1	WBGene00006433	3	SuperNova;mCherry;mNG		NK2746
sdhc-1/mev-1	WBGene00003225	3	SuperNova;mCherry;mNG		NK2840
sdn-1	WBGene00004749	4	mNG	AID	NK2413
sdpn-1	WBGene00018467	1	mNG	FLAG	
sec-16A.1	WBGene00013985	4	GFP;mNG	FLAG	NK3055;NK3065
sec-16a.2	WBGene00017419	1	GFP	degron	
sec-24.2	WBGene00004756	1	mRuby	HA;TEV	
sec-5	WBGene00004752	2	YFP	ZF	FT1523
sec-6	WBGene00017284	2	GFP	SBP;degron	
sec-61.B	WBGene00021427	2	sGFP(11)		NK2789
seip-1	WBGene00019808	3	GFP;mKikGR;mScarlet	FLAG	
sel-10	WBGene00004767	3	GFP	FLAG;TEV	
sel-5	WBGene00004762	1	GFP		
sel-8	WBGene00004765	2	mNG		SYS604
sem-2	WBGene00004771	1	GFP	FLAG	
sem-5	WBGene00004774	1	GFP		
semo-1	WBGene00012538	1	mCherry		
sep-1	WBGene00004775	1	GFP		OD5140
sepa-1	WBGene00010808	2	GFP;TagRFP		
set-11	WBGene00018023	1	GFP		
set-16	WBGene00011729	1	eGFP	FLAG;TY1	RW12223
set-25	WBGene00012802	2	mCherry		
set-26	WBGene00013106	2	GFP	HA	
set-27	WBGene00022173	1		HA	
set-6	WBGene00008206	1	GFP	HA	
set-9	WBGene00017482	1	GFP		
sex-1	WBGene00004786	1	mNG	AID	
sftb-1	WBGene00011605	2	mCherry		CER444
sgca-1	WBGene00019227	1	mScarlet		
sgcb-1	WBGene00019277	2	mNG;mScarlet		
sgn-1	WBGene00004790	1	mScarlet		
sid-1	WBGene00004795	3	mCherry;mScarlet;mScarlet-I3		
sid-2	WBGene00004796	3	mCherry;mScarlet	FLAG	PT3562
simr-1	WBGene00015504	7	GFP;TagRFP;mCherry	FLAG;HA;TurboID	SHG2440;SHG3116
sin-3	WBGene00004117	1	mCherry		
sinh-1	WBGene00013261	1	GFP		
ska-1	WBGene00013725	1	GFP		
skn-1	WBGene00004804	3	GFP;mNG		SYS81
skr-1	WBGene00004807	1	GFP		
skr-2	WBGene00004808	1	GFP		
slc-36.1	WBGene00012804	1	GFP		
slcf-1	WBGene00010340	2	GFP	PP7	
slo-1	WBGene00004830	1	TagBFP		
slr-2	WBGene00013350	1	eGFP	FLAG;TY1	RW12343
slt-1	WBGene00004854	1	mNG		
sma-1	WBGene00004855	3	GFP;sGFP(11)	ZF	PHX4954
sma-6	WBGene00004860	1	GFP	FLAG	
smc-1/him-1	WBGene00001860	3	GFP	AID;FLAG	
smc-3	WBGene00004873	3	emGFP	AID;HA	ERC102
smc-5	WBGene00016151	1		AID;FLAG	
smex-1/W02D7.3	WBGene00020939	1	GFP		PHX6345
smg-6	WBGene00004884	1		FLAG	
smgl-1	WBGene00008990	1		FLAG	
smn-1	WBGene00004887	1	GFP		
smo-1	WBGene00004888	6	GFP	AID;FLAG;His	OH16463
smoc-1	WBGene00011437	3	GFP;mNG	FLAG	
smrc-1	WBGene00015806	4		FLAG;Myc	EL610;EL663;EL732
sms-1	WBGene00004892	2	mNG		NK2925;NK2959
sna-1	WBGene00020951	1	GFP	FLAG	
sna-2	WBGene00011747	1	GFP	FLAG	
sna-3	WBGene00016015	2	GFP;mNG	AID;FLAG	
snb-1	WBGene00004897	3	GFP;mNG		NK2827
snf-3	WBGene00004902	1	TagRFP		PHX7290
sng-1	WBGene00004912	5	GFP;TagRFP;smScarlet(11)		UJ3103
snpc-1.2	WBGene00012715	1	eGFP	FLAG;TY1	RW12251
snpc-1.3	WBGene00017265	2		FLAG	
snpc-4	WBGene00001568	3		AID;FLAG;OLLAS	
snr-2	WBGene00004915	1	GFP	FLAG	
snr-6	WBGene00004919	1	GFPNovo2	AID;FLAG;TEV	
snt-1	WBGene00004921	4	GFP;TagRFP		
snu-66/F19F10.9	WBGene00017605	2	mNG		SYS423
sod-1	WBGene00004930	1	GFP	FLAG	
sod-2	WBGene00004931	1	mScarlet	Myc	GLW65
sod-5	WBGene00007036	1	mScarlet-I	Myc	GLW79
sox-2	WBGene00004949	4	GFP;eGFP;mNG	FLAG;TY1	RW12244;SYS516
spas-1	WBGene00016045	1	mScarlet	AID;FLAG	
spc-1	WBGene00004951	4	GFP;RFP;sGFP(11)	AID	GOU2936
spd-2	WBGene00004953	6	GFP;RFP	FLAG;HA;ZF	JLF425
spd-5	WBGene00004955	8	GFP;GFPNovo2;TagRFP;TagRFP-T;mMaple	AID;FLAG;Myc;TEV;ZF	JLF361;JLF425
spdl-1	WBGene00015515	1	GFP		
spe-11	WBGene00004965	1	GFP		
spe-15	WBGene00004969	1	GFP		
spe-21/dhhc-5	WBGene00020066	1	mNG		AD316
spe-36/F40F11.4	WBGene00009589	2	GFP		ARK7
spe-38	WBGene00013121	2	mScarlet-I		AD319
spe-44	WBGene00007732	9	mScarlet	AID;FLAG;Myc;TEV	JDW101;JDW120;PX624;PX627;PX629;PX658
spe-51	WBGene00020675	2	mNG		AD296
spe-9	WBGene00004963	1	tdTomato		
spex-1/F36D1.23	WBGene00219287	1	TagRFP		PHX6466
spia-1/F09F9.2	WBGene00017307	2	mNG	FLAG	IG2212
spin-1	WBGene00007549	1	mCherry		COP2331
spin-2	WBGene00008033	1	mCherry		COP2341
spin-3	WBGene00008598	1	mCherry		COP2343
spin-4	WBGene00013739	2	mCherry		COP2416
spn-4	WBGene00004984	5	GFP;GFPNovo2;TagRFP-T;mKate2	AID;FLAG;TEV	DG4158;SHG2330
spo-11	WBGene00004985	4		AID;FLAG	CA1369;CA1377;CA1423
spon-1	WBGene00006893	2	mNG		NK2580
spop-1	WBGene00011815	1	GFP		
spp-5	WBGene00004990	1	mNG		
spr-4	WBGene00005009	2	mNG		SYS475
spt-16	WBGene00018849	1	GFP		
sptf-3	WBGene00012735	2	mNG	FLAG	
sqt-2	WBGene00005017	1	mNG	FLAG	JDW653
sqt-3	WBGene00005018	2	mNG		PHX3691
sqv-5	WBGene00005023	1	GFP		NYL4291
srap-1	WBGene00011522	1	mNG	FLAG	JDW786
srb-13	WBGene00019028	1	tdTomato		
srb-16	WBGene00019025	1	tdTomato		
src-1	WBGene00005077	1	GFP		PLG1
srgp-1	WBGene00006406	2	mNG;mScarlet-I	FLAG	
srx-64	WBGene00005955	2	sGFP(11)		
ssq-1	WBGene00006050	1	mCherry	V5	
sta-1	WBGene00013111	1	eGFP	FLAG;TY1	RW12332
sta-2	WBGene00010251	1	eGFP	FLAG;TY1	RW12242
stl-1	WBGene00006061	1	GFPNovo2	AID;FLAG;TEV	
stn-1	WBGene00006062	1	mScarlet		
stn-2	WBGene00017866	2	mNG;mScarlet		
suca-1	WBGene00009812	1	GFPNovo2	AID;FLAG;TEV	
sun-1	WBGene00006311	4	GFP	AID;FLAG;V5	
sup-17	WBGene00006324	1	GFP		
sup-26	WBGene00006331	1		FLAG	VT3121
sup-35	WBGene00012976	1	eGFP	FLAG;TY1	RW12245
sup-9	WBGene00006318	1	TagRFP-T		
sups-1	WBGene00017716	1	YFP		
sur-5	WBGene00006351	1	GFP		
sut-1	WBGene00020475	1	GFP	FLAG	
svh-5	WBGene00006462	2	mNG		SYS639
swan-1	WBGene00009977	2		Myc;V5	JH3134;JH3136
swm-1	WBGene00023417	1	mCherry		
swsn-1	WBGene00004203	2	eGFP	FLAG;TY1	RW12187
swsn-4	WBGene00004204	1	GFP		
swsn-8/let-526	WBGene00002717	3	GFP;eGFP	FLAG;TY1;degron	RW12306
syd-1	WBGene00006363	2	Skylan-S;mScarlet-I		
syd-2	WBGene00006364	15	GFP;Skylan-S;mScarlet-I;sGFP(11);smScarlet(11)	λpptase	TV20370;TV24779;TV24783;TV24785;TV24786;TV25205;UJ1940;UJ3321
sydn-1	WBGene00021473	1	GFP	FLAG	
syg-1	WBGene00006365	1	GFP		
sygl-1	WBGene00012104	6		FLAG;Myc;OLLAS;V5;λN	JK5893;JK6002;WU1770
sym-1	WBGene00006366	1	GFP		
symk-1	WBGene00017797	3	GFP;mNG	AID	
syp-1	WBGene00006375	1		HA	
syp-2	WBGene00006376	4	GFP	AID;HA;TEV	
syp-3	WBGene00006377	4	mCherry	AID;HA;Halotag	
syp-4	WBGene00019247	4	sGFP(11)	FLAG;HA	SSM474
syp-5	WBGene00021832	4	GFP	FLAG;HA	
syp-6	WBGene00019002	3	GFP	HA	
sysm-1	WBGene00011979	1		V5	
syx-2	WBGene00006372	1	TagBFP		
tab-1	WBGene00006380	3	GFP;mNG		PHX1587;SYS674
tac-1	WBGene00006381	4	GFP	FLAG;ZF	EU3121
tag-68	WBGene00006445	1	TagRFP-T		
tat-1	WBGene00013034	1	GFP		
tba-1	WBGene00006528	5	GFP;TagRFP-T;sGFP(11)	FLAG;HA;TEV	GN675;SA1067
tba-2	WBGene00006529	4	GFP;TagRFP-T	FLAG;TEV	GN688;SA1016
tba-4	WBGene00006530	2	GFP	FLAG;TEV	SA1171
tba-5	WBGene00006531	5	GFP;sGFP(11)	FLAG;TEV	SA1358
tba-6	WBGene00006532	2	GFP	FLAG;TEV	SA1386
tba-7	WBGene00006533	2	GFP	FLAG;TEV	SA1176
tba-8	WBGene00006534	2	GFP	FLAG;TEV	SA1430
tba-9	WBGene00006535	2	GFP	FLAG;TEV	SA1303
tbb-1	WBGene00006536	3	GFP;TagRFP-T		GN683;SA884
tbb-2	WBGene00006537	7	GFP;sGFP(11);smScarlet(11)	degron	CF4614;SA854
tbb-4	WBGene00006538	4	GFP;TagRFP	FLAG;Myc;TEV	SA1205
tbb-6	WBGene00006539	2	GFP	FLAG;TEV	SA1280
tbx-2	WBGene00006543	1	GFP	FLAG;TY1	OK1097
tbx-34	WBGene00006553	1	GFP	AID;FLAG	
tbx-35	WBGene00006554	1	mNG		
tbx-37	WBGene00006556	5	GFP;eGFP;mNG	FLAG;TY1	MLC813;RW12282;SYS400
tbx-38	WBGene00006557	5	GFP;eGFP;mNG	FLAG;TY1	MLC893;RW12186;SYS422
tct-1	WBGene00009122	1	mNG		NK2800
tdp-1	WBGene00006514	1	mScarlet		JH3904
ten-1	WBGene00006498	2	mNG		NK2502
tent-5	WBGene00004131	1	GFP	FLAG	
tes-1	WBGene00015217	4	mNG;mScarlet-I	FLAG	SU1085;SU955
test-1	WBGene00016918	2	mNG		NK2692
tex-2	WBGene00018872	1	eGFP	FLAG	
tiar-1	WBGene00015943	1	GFP	S-tag;TEV	DG3922
tir-1	WBGene00006575	2	mScarlet	FLAG	
tln-1	WBGene00006771	1	GFP		AH3437
tmc-1	WBGene00020490	3	GFP;mNG		
tmc-2	WBGene00015177	1	mNG		
tmem-120	WBGene00019716	1	GFP		
tmie/Y39A1C.1	WBGene00012662	1	mNG		
tnc-2	WBGene00006583	1	GFP		RSL86
tni-3	WBGene00006585	1	mCherry		RSL48
toca-1	WBGene00017298	1	GFP		
tofu-1	WBGene00007785	2	GFP	FLAG;Myc	
tofu-2	WBGene00017620	2	GFP	FLAG;HA	
tofu-6	WBGene00017132	2	GFP	FLAG;Myc	
tol-1	WBGene00006593	3	mScarlet	FLAG	KRA867;PHX8406
tomm-20	WBGene00009092	5	GFP;TagRFP;mNG;smScarlet(11)		CF4625
tomm-70	WBGene00022722	2	GFP		WBM1444
top-1	WBGene00006595	2	GFP	AID	ERC84
top-2	WBGene00010785	5	GFP;GFPNovo2;mCherry;sfGFP	AID;FLAG;TEV	
top-3/top-3A	WBGene00006596	3		HA;OLLAS;degron	
tost-1	WBGene00016449	1	GFP	FLAG	
tpa-1	WBGene00006599	1	YPet	AID;FLAG	
tpan-1	WBGene00012853	1	GFP		PHX5349
tpxl-1	WBGene00021470	3	GFP;mScarlet	FLAG;ZF	JLF238
tra-1	WBGene00006604	5	GFP;eGFP	FLAG;TEV;TY1;biotag	DZ840;DZ841;RW12348
tra-2	WBGene00006605	3	GFP	FLAG;HA	
trak-1	WBGene00020838	2	mNG		NK2784
trap-1	WBGene00022122	1	mCherry		
trcs-1	WBGene00009186	1	GFP	FLAG	
trp-4	WBGene00006616	2	GFP	HA	MSB591
trx-1	WBGene00015062	3	GFP;mScarlet		SXB34
tsn-1	WBGene00006626	1	GFPNovo2	AID;FLAG;TEV	
tsp-1	WBGene00006627	1	mScarlet		
tsp-12	WBGene00006638	4	GFP;TagRFP	FLAG;Myc	
tsp-14	WBGene00006640	12	GFP;TagRFP	FLAG;Myc	
tsp-21	WBGene00023491	1	GFP		
tsp-6	WBGene00006632	2	mScarlet		OQ366;PHX4122
tsr-2/Y51H4A.15	WBGene00013109	2	GFP	AID	ESC424;ESC440
ttx-1	WBGene00006652	4	GFP;mNG		OH18111;PHX1679;SYS644
ttx-3	WBGene00006654	2	YFP;mKate2		
twk-12	WBGene00006667	1	mScarlet		
twk-16	WBGene00006670	1	mScarlet	AID	MSB555
twk-17	WBGene00006671	1		HA	
twk-18	WBGene00006672	3	TagBFP;TagRFP-T;mScarlet		
twk-24	WBGene00006677	2	mNG;mScarlet	FLAG	
twk-28	WBGene00006680	1	mScarlet		
twk-40	WBGene00006691	1	TagRFP-T	ZF	
twk-42	WBGene00006692	1	mScarlet		
twk-8	WBGene00006663	1	mScarlet		
uaf-2	WBGene00006698	1	eGFP	FLAG;TY1	RW12249
ubc-20	WBGene00006715	2	GFP	FLAG	
ubc-9	WBGene00006706	3		FLAG	SSM491
ubh-1	WBGene00006721	1	GFP		
ubh-2	WBGene00006722	1	GFP		
ubh-3	WBGene00006723	1	GFP		
ubh-4	WBGene00006724	2	eGFP		CER620
ubq-2	WBGene00006728	1		HA	
ubr-5	WBGene00009460	1		HA;TurboID	
ubxn-2	WBGene00022381	1	mTagBFP2		
ubxn-6	WBGene00019163	1		V5	
ucr-11	WBGene00019007	1	SuperNova		
ucr-2.1	WBGene00012158	3	mNG		NK2623;NK3086
ucr-2.3	WBGene00020757	2	SuperNova	HA	
unc-10	WBGene00006750	7	GFP;mScarlet-I;sGFP(11)	ALFA	TV25445;TV25876;UJ2719
unc-104	WBGene00006831	6	GFP	AID;Myc	DLW109;DLW112;ESC829;KG5148
unc-105	WBGene00006832	1	GFPNovo2	AID;FLAG;TEV	
unc-11	WBGene00006751	1	GFP		DQ3188
unc-112	WBGene00006836	1	GFP		
unc-115	WBGene00006839	1	sGFP(11)		
unc-116	WBGene00006840	3	mCitrine;sGFP(11)	AID;ZF	
unc-119	WBGene00006843	2	GFP	FLAG	DZ710;STR485
unc-120	WBGene00006844	1	GFP		
unc-13	WBGene00006752	4	GFP;Skylan-S;mScarlet-I		
unc-130	WBGene00006853	1	sfGFP		
unc-17	WBGene00006756	3	GFP;mKate2	FLAG	OH15568
unc-18	WBGene00006757	3		AID	DLW110;DLW114
unc-2	WBGene00006742	4	GFP;pHluorin	Halotag	ZM9583
unc-22	WBGene00006759	7	GFP;GFPNovo2;smScarlet(11)	AID;FLAG;TEV	RSL94;RSL98;RSL99
unc-27	WBGene00006764	1	GFP		RSL85
unc-29	WBGene00006765	1	TagRFP-T		
unc-3	WBGene00006743	4	eGFP;mNG	AID;FLAG;TY1	OH13988;RW12259;SYS148
unc-30	WBGene00006766	4	GFP;mNG	AID;FLAG	OS12700
unc-31	WBGene00006767	3	GFP	AID;FLAG;TEV	RJP5269;RJP5296
unc-32	WBGene00006768	2	GFP		
unc-33	WBGene00006769	2	sGFP(11)	AID	
unc-34	WBGene00006770	3	mNG		DQM1152
unc-36	WBGene00006772	1	mNG		
unc-37	WBGene00006773	3	BFP;mNG	AID	SYS681
unc-39	WBGene00006775	1	GFP		PHX4537
unc-4	WBGene00006744	2	BFP;GFP	AID	PHX1658
unc-40	WBGene00006776	5	GFP;mKate;mNG	FLAG;ZF	NK2672
unc-42	WBGene00006778	1	GFP		OH16111
unc-43	WBGene00006779	1	sGFP(11)		
unc-44	WBGene00006780	8	GFP;Skylan-S	FLAG;SNAP	CZ24990;CZ25013;STR282
unc-45	WBGene00006781	1		FLAG;HA;TEV	
unc-49	WBGene00006784	3	TagRFP;TagRFP-T;mScarlet		
unc-5	WBGene00006745	6	GFP;mNG	HA	NK2673
unc-51	WBGene00006786	2	mScarlet	FLAG	
unc-52	WBGene00006787	11	mNG	AID	DLW124;NK2500;NK2555;NK2583;NK2643
unc-54	WBGene00006789	6	GFP;eGFP;mEos3.2	FLAG;TY1	PD2856;PD2859;PD4092;RW12229
unc-55	WBGene00006790	1	GFP		
unc-57	WBGene00006791	1	sGFP(11)		
unc-58	WBGene00006792	4	TagRFP-T;mNG	ZF	
unc-59	WBGene00006793	3	GFP;mKate2	AID;FLAG;degron	NK2225
unc-6	WBGene00006746	2	mNG	FLAG	NK2936
unc-60	WBGene00006794	1		FLAG	
unc-62	WBGene00006796	1	mNG		
unc-63	WBGene00006797	1	YFP		
unc-68/ryr-1	WBGene00006801	5	GFPnovo2;mNG;mScarlet;sGFP(11)	HA	
unc-69	WBGene00006802	1	sGFP(11)	ZF	
unc-70	WBGene00006803	2	GFP;sGFP(11)		GOU3103
unc-75	WBGene00006807	2	GFP;mScarlet-I3		OH19299;PHX6499
unc-76	WBGene00006808	2	sGFP(11)		
unc-83	WBGene00006815	2	GFP		
unc-85	WBGene00006817	1	GFP		
unc-86	WBGene00006818	1	mNG	AID;FLAG	OH15227
unc-89	WBGene00006820	2	meGFP;smScarlet(11)	degron	
unc-9	WBGene00006749	4	GFP;sGFP(11)		UJ1300
unc-94	WBGene00006823	6	GFP;mNG		LP893;LP894;LP896;RSL10;RSL11
unk-1/C34D10.2	WBGene00016407	2	eGFP;mNG	AID;FLAG;TY1	RW12299;TV30179
usp-4/H34C03.2	WBGene00019259	1	mNG	FLAG	GLW73
usp-48	WBGene00009267	2	GFP;mScarlet		
utp-20	WBGene00007050	1	GFPNovo2	AID;FLAG;TEV	
vab-10	WBGene00006876	6	GFP;TagBFP	ZF	GOU2043;GOU2044;ML2799
vab-15	WBGene00006881	2	GFP		XIL99
vab-3	WBGene00006870	2	mNG		SYS633
vab-7	WBGene00006873	4	GFP;eGFP;mNG	FLAG;TY1	OH15912;RW12267;SYS510
vap-1	WBGene00006886	2	sfGFP		OS11927;OS13359
vbh-1	WBGene00006888	3	GFP;GFPNovo2	AID;FLAG;TEV	SHG2331
vet-2	WBGene00016453	1	GFP		
vgln-1	WBGene00007463	1	mKate2	Myc	
vglu-2	WBGene00010755	1	GFP		PHX362
vglu-3	WBGene00011556	1	GFP		PHX679
vha-11	WBGene00006920	1	GFP	degron	
vha-13	WBGene00013025	7	GFP;mNG;mScarlet;smScarlet(11)	FLAG	CF4586;CF4616;PHX1049;PHX731
vha-4	WBGene00006913	1	mScarlet		
vha-5	WBGene00006914	3	GFP;mNG;sfGFP	FLAG;MTn	
vha-7	WBGene00006916	1	mScarlet		
vit-1	WBGene00006925	2	mCherry		MQD2798
vit-2	WBGene00006926	6	GFP;mNG;mScarlet	FLAG	BCN9071;MQD2774;MQD2775;MQD2798
vit-3	WBGene00006927	2	mCherry		MQD2775
vit-6	WBGene00006930	2	mCherry		MQD2774
vpr-1	WBGene00018008	2	GFP	FLAG;HA	
vps-15	WBGene00014151	2		Myc	
vps-26	WBGene00006931	1		HA	
vps-34	WBGene00006932	1		FLAG	
vps-35	WBGene00006933	1	GFP		
vps-72/C17E4.6	WBGene00007645	1	eGFP	FLAG;TY1	RW12293
vsra-1	WBGene00007297	1		FLAG	JMC327
vwa-8	WBGene00008694	1	GFP	FLAG	CZ27748
wago-1	WBGene00011061	10	GFP;GFPNovo2;mScarlet-I	AID;FLAG;OLLAS;TEV	JMC219
wago-10	WBGene00020707	4	GFP;GFPNovo2	AID;FLAG;TEV	JMC233
wago-4	WBGene00010263	5	GFP	FLAG	JMC223;YY1325
wago-5	WBGene00022877	2	GFP	FLAG	JMC288
wago-8/sago-1	WBGene00019666	2	GFP	FLAG	JMC229
wago-9/hrde-1	WBGene00007624	9	GFP	AID;FLAG;HA;Myc;degron;λN	BFF68;BFF69;JMC231
wah-1	WBGene00006937	1	GFP		
wapl-1	WBGene00019953	3	emGFP	AID;V5	ERC103
wdr-31	WBGene00020231	1	GFP		
wdr-60	WBGene00016165	1	GFP	FLAG	
wdr-62	WBGene00019237	2	GFP	ZF	
wee-1.3	WBGene00006940	3	GFP;mNG	AID	
wrm-1	WBGene00006943	1	eGFP	FLAG;TY1	RW12263
wrt-10	WBGene00006956	1	sfGFP		PHX7022
wrt-2	WBGene00006948	1	mNG	FLAG	JDW877
wshc-5/T05E7.3	WBGene00020259	1	mNG		
wsp-1	WBGene00006957	4	GFP;mNG;mScarlet-I		GOU1861
wts-1	WBGene00007047	1	mTurquoise2	AID;Myc	DV4290
wve-1	WBGene00006958	2	GFP	FLAG	
xbx-1	WBGene00006960	3	RFP;TagRFP	FLAG	GOU2162;GOU2187
xol-1	WBGene00006962	1	GFP	FLAG	
xpb-1	WBGene00013441	1	GFP	AID	
xpc-1	WBGene00022296	1	mCherry	His	
xpf-1	WBGene00008140	2	GFP	AID	HAL100
xpo-1	WBGene00002078	2	mNG		JH3955
y56a3a.22	WBGene00013239	1	GFP	FLAG	
yap-1	WBGene00008748	1	mNG	FLAG	DV3651
ythc-2	WBGene00009922	1	GFPNovo2	AID;FLAG;TEV	
zag-1	WBGene00006970	1	GFP	AID	
zen-4	WBGene00006974	2	GFP;mNG		
zfh-2	WBGene00022518	3	GFP;mScarlet	AID;FLAG	RW12167
zfp-3	WBGene00021047	1	eGFP	FLAG;TY1	RW12271
zfr-1/Y95B8A.8	WBGene00022388	1	eGFP	FLAG;TY1	RW12277
zhp-1	WBGene00018867	4		AID;FLAG;V5	CA1369
zhp-2	WBGene00008387	4		AID;FLAG;HA	CA1377
zhp-3	WBGene00006976	6	GFP	AID;FLAG;HA;Halotag;V5	
zhp-4	WBGene00012678	2		AID;FLAG;HA	
zip-3	WBGene00012330	1	mNG		
zip-7	WBGene00013100	1	eGFP	FLAG;TY1	RW12339
zipt-7.1	WBGene00044067	1	GFP		
zmp-1	WBGene00006987	2	GFP;mNG	GPI	NK2962
zmp-4	WBGene00012364	1	mNG		
znf-593/Y56A3A.18	WBGene00013236	1	eGFP	FLAG;TY1	RW12265
znfx-1/ZK1067.2	WBGene00014208	13	GFP;TagRFP;eGFP;mCherry	FLAG;GFP Nanobody;HA;OLLAS;TEV;TY1;TurboID	RW12340;SHG2909;YY1446;YY1492;YY916;YY968
zsp-1/pid-2	WBGene00021676	1	GFP	FLAG	
ztf-11	WBGene00009939	1	GFP		
ztf-23	WBGene00021846	1	eGFP	FLAG;TY1	RW12279
ztf-25	WBGene00012405	1	eGFP	FLAG;TY1	RW12287
ztf-28	WBGene00018099	1	eGFP	FLAG;TY1	RW12281
ztf-29	WBGene00013438	1	eGFP	FLAG;TY1	RW12283
ztf-6	WBGene00012317	3	eGFP;mNG	FLAG;TY1	RW12301;SYS464
ztf-8	WBGene00022598	1	GFP	FLAG	
zyg-11	WBGene00006996	1	GFP	FLAG	
zyg-12	WBGene00006997	3	GFP	AID;HA	
zyg-9	WBGene00006994	7	GFP;emGFP	FLAG;ZF;degron	EU3169;JLF104
zyx-1	WBGene00006999	1	mNG		
